-- phpMyAdmin SQL Dump
-- version 5.2.1
-- https://www.phpmyadmin.net/
--
-- Servidor: 127.0.0.1:3306
-- Tiempo de generación: 21-07-2025 a las 14:23:53
-- Versión del servidor: 10.11.10-MariaDB-log
-- Versión de PHP: 7.2.34

SET SQL_MODE = "NO_AUTO_VALUE_ON_ZERO";
START TRANSACTION;
SET time_zone = "+00:00";


/*!40101 SET @OLD_CHARACTER_SET_CLIENT=@@CHARACTER_SET_CLIENT */;
/*!40101 SET @OLD_CHARACTER_SET_RESULTS=@@CHARACTER_SET_RESULTS */;
/*!40101 SET @OLD_COLLATION_CONNECTION=@@COLLATION_CONNECTION */;
/*!40101 SET NAMES utf8mb4 */;

--
-- Base de datos: `u227451354_actas`
--

-- --------------------------------------------------------

--
-- Estructura de tabla para la tabla `acta`
--

CREATE TABLE `acta` (
  `codigo` varchar(255) NOT NULL,
  `tipo_reunion` int(11) NOT NULL,
  `fecha` varchar(255) NOT NULL,
  `tema` varchar(255) NOT NULL,
  `lugar` varchar(255) NOT NULL,
  `temario` text NOT NULL,
  `usuarios` text NOT NULL,
  `create_acta_user` text NOT NULL,
  `horaInicio` varchar(255) NOT NULL,
  `horaFin` varchar(255) NOT NULL,
  `cantidad_asistentes` int(11) NOT NULL,
  `firma` text NOT NULL,
  `firma2` text NOT NULL,
  `estado` int(11) NOT NULL DEFAULT 1
) ENGINE=InnoDB DEFAULT CHARSET=utf8mb4 COLLATE=utf8mb4_unicode_ci;

--
-- Volcado de datos para la tabla `acta`
--

INSERT INTO `acta` (`codigo`, `tipo_reunion`, `fecha`, `tema`, `lugar`, `temario`, `usuarios`, `create_acta_user`, `horaInicio`, `horaFin`, `cantidad_asistentes`, `firma`, `firma2`, `estado`) VALUES
('ACTA-011025-1', 1, '2024-10-30', 'Comite 30 de octubre 2024', 'Virtual', 'Luminarias led instaladas en el corregimiento de la Victoria por terceros sin autorización de parte de la concesión.,Recepción de proyectos particulares: Laureles,Recepción de proyectos particulares,Reposición de Luminarias Led en falla ,Gran Plaza, Respuesta de informe enviado por la interventoría del cambio de tecnología ,Respuesta a las PQR´s pendientes desde el 2020., Usuarios no regulados, Pago mensual interventoría ,Enlace de PQR´s en la pagina de la alcaldía. , Conciliación de inventario CEDENAR-UTAPI,Parque San Felipe \"La Pola\",Daño en los apoyos (postes) por terceros.,Pago de las facturas de ASC,Proyecto de modernización Corredor Turistico,Plan Anual 2024,Comunicado de reclamación CEDENAR,Hurto de cable en la Avenida Rumichaca,Lista de chequeo situación sin fondos,Estudio Técnico de referencia,Facturas de medida,Disposición final de las luminarias,Instalación de parque OBANDO frente al hospital', '5268714', '5268714', '15:00', '17:15', 8, 'Pendiente', 'data:image/png;base64,iVBORw0KGgoAAAANSUhEUgAAAZAAAAC0CAYAAAC69XpYAAAAAXNSR0IArs4c6QAAHdhJREFUeF7tnQn4ddtYwF8zma8pGZJUZIxSxspY4RqSRCE3kTHzGMqQdE0J5VZSSGWeMxah4ioyRKEIUdcUcaW0f89dK+suZ9j77HPOf5+9fu/zfM9373f23met39pnv3u942lCkYAEJCABCWxA4DQbnOMpEpCABCQggVCBeBNIQAISkMBGBFQgG2HzJAlIQAISUIF4D0hAAhKQwEYEVCAbYfMkCUhAAhJQgXgPSEACEpDARgRUIBth8yQJSEACElCBeA9IQAISkMBGBFQgG2HzJAlIQAISUIF4D0hAAhKQwEYEVCAbYfMkCUhAAhJQgXgPSEACEpDARgRUIBth8yQJSEACElCBeA9IQAISkMBGBFQgG2HzJAlIQAISUIF4D0hAAhKQwEYEVCAbYfMkCUhAAhJQgXgPSEACEpDARgRUIBth8yQJSEACElCBeA9IQAISkMBGBFQgG2HzJAlIQAISUIF4DywjcKWIOFE8EpCABJYRUIF4b2QCd4uIO0bEpSPiAxHxnemD10TE9cQkAQlIoCagAvGeuEpEnJAUxzIafxoRT42IPxeXBCQggUxABdL2vfATEfEnPRGgPH6457EeJgEJNEBABdLAIi+Y4hkj4gER8csDp48CcRcyEJqHS2CuBFQgc13Z1fM6PiLuveCQ90TE8yLi4xFx9Yi4dkR8S3Hc05OfpE1qzloCEjgVARVIWzfEWSPi2RFx4wXTflJE/EpEfLr47OER8bDi/zVjtXW/OFsJrCSgAmnnBjlLRPxZRFxjwZSfGBEP7XYl/1l9dr6I+FTxbydFxHnbQeZMJSCBVQRUIO3cH8+MiNtU0z05Ih4cEY9bgeHLEXGm4vNvjYiPtIPNmUpAAssIqEDauDeOjYgXL1Aed+98HPg1VsmHI+JixQE43jFtKRKQQOMEVCDzvwHOERHv7XI9LlRM9YsRccuIeFmP6dd+EBVID2geIoEWCKhA5r/KL+lKktyomCYmqVtFxAt7Tl0F0hOUh0mgNQIqkPmv+L9FxAWKaT4nIm49YNokGpJwmOV7rZE1gJ6HSmDGBFQgM17cbmr17uF/IuJcEfGFAdP+aERcuDj+khHx/gHne6gEJDBTAiqQmS5s2jXUZUqeEBH3GjjlL0XEmdM57GYuOPB8D5eABGZKQAUy04WNiDd0ZUd+qJgeBRFvMXC6dR7IyyPihgOv4eESkMBMCahA5rmwj46IBxZTo0TJXTeoY1WH/14iIj44T2TOSgISGEpABTKU2PSPJ9GPh/zpiqFuGnpb7mI22cFMn5YjlIAENiagAtkY3WRPfGllZvpMRByzwWhrB7yVeDeA6CkSmDMBFci8VpciiS8qpvS/KQfkFQOn+fsRcdviHHwn7EAUCUhAAv9PQAUyr5vhHV3Jku8ppkSNq/sMnOKzqjyRTc1fA7/WwyUggUMjoAI5tBVbPt5rdZV2X5c+/mpEvKDL1/iprsouu5B1Qv9z+n7gfKfFLfK+rh/Im+z/sQ6dn0ugXQIqkPms/R9XYbo0g3r9iuldLUVq/UBEnKc6zl3HfO4LZyKBnRFQgewM7V4v/P0R8ZauIdRpuwZQX4uIB3XJf4+pRsBn7FLYlZAfcvHi8w+kyC26EZLr8cm9jt4v2zeB60QEu076v9Ajpuz5su+x+H0HTEAFcsCLVwydnQZRUghlSlAQJ0bEuZMJiv+/fjXVv4uI10QE2epvnwcGZ7GAAFUEjouI+0YEId61YO5kN/o30pPAUAIqkKHEpnk8yuDyaWgkDb46KZQrFMOlDhaK5lUpS/1vpzkVR7VFAndKO9Fz9rgm5f2J4KPJmCKBXgRUIL0wTfYgkgUxX715yQizI5wHw18uaFk72Yk5sFEEuC/ob48pc4jY834ILY8NFcjh3QTXjYibdbuMq3aRVpdbMHz8GERgYcLCt6G0RwBz5qoAilVEDKBo737ZeMYqkI3R7e1E7NOYF64UEZfp+pefvfjmN6bquN+R/o0y65RbV9om8NCIQBEskn+PiL9P982lFhzwrxFxkbbxOfu+BFQgfUnt5ziaNV25y78gBJcoGRRGFpzjf5X+YLLCl0HuxseKYx4bEfffz1D9lgkTqHcg3CPcG79d+DgIrKDawE9HxOmruVh5YMKLO6WhqUCOdjVukJzdJO/hBD9rNRwUBXZpEvoIt6zlnhHx+PSP9O04/8BmUUc7e799VwTwgdyh83sRrosf7ISI+MiSL3twp0AeWX1m3bNdrczMrqsC2d+CsluglwY/ThRGHVL5xYigfzkRVSiLd/YYGiasa6TjnhwRd+9xjodIoCbwTxHx7ekfuf/KcjjSksBSAiqQ3d0cmKF4A7xY8mHU34SD+60pguqvO8f4uwYOhfj+z3XlR84YER/vFM9NIuJtA6/h4RLIBHLfe4tmek/0JqAC6Y1q5YHf3fkkKAnyXcmHUXYC5EQck+9O/gsStlAcnx351aWdm90L5UiM4R8J1dMlIIH+BFQg/VmdrdstEEL75RQ+e82IuOySiBX8FpQWIffiQ135EKKjti2Yu26ULkom+fdt+wu8ngQkIIFVBFQg30gnRz/xRo+fgtpR39xFsXzTEpBkfr84IvibXcZQU9QmdyiRWpi9svxGRNxjkwt5jgQkIIFNCbSqQKgR9UsRcab05k7JczK6+wh+B2pI0XSJwoP7FtYMBzu7H4SyJYRdMi5FAhKQwN4IzFmBsHu4S3qw4tAma7suW94X9D+mN35KpuO/OKnviTs4DmcnBRARzGlXT1nnO/gqLykBCUhgOYE5KBB2DreOiDOkXcR5t5BJi1Oat3zyL56zJ7NU3/sU3wphwCgPSrYvyzjuez2Pk4AEJLARgUNSIOweePtGQWC+wWyzTfl8yu7GAf5HW4iS2ubY8rWorpur6BKye9MqE30X37nLa1KeBaFulyIBCRwYgakqkOt1xeCIcrpA+hvH9rYFhcFD+A3JJISZaury/FRIkd3HE1NHwamPedn4MMPl3AMznw91FR130wT2rUDuFxEU/iO8FT8CkU3n60otXCiZZciA7dO7YJNF++fUNIdCcuwyGMMhSZn38cHUJOgvDmkCxVh/puuI+AfF/1sB9vAW0sTDw1uzrY94nwrk3hFx/NZnsPiCmHlQFORgUIAQvwHtOw9VWKd/KXw71Db6+QOdDE2OnlaN3T4Uh7WYH04VFhi1a3dYa7fV0e5TgdDghtDZbQoPVW5mlAT1fP5hRXOlbX7vvq9VFk2kHPePHqjfgAZHj1oA7z5dmfrH7Ruq3zeYwMPTi8sFqzMpf7Jtn+TgwXnC/gnsU4FgrqLy5yVS1Vi+G3MWRQb7CEqCJD2KvVFhlOzuT/Q5cQbHPCMibpfm8dKIOPYA50TpcHJnkK910WPlvWf58OkvKMrjYSuGyU6EsPn3Tn8qjnBbBPapQPqOmeQ+6koRcUQNKez9KI2WBQYXTwAoWULpkkMS1pIaYIRa05v9k8WLAwEBZzmkyTQ41ld2u/wf6TFvfVk9IM3pkCkqkDnx3cZcqOaLmQ6hACNhzDyED0W4x3gByO13X5uqFOfx76OOF8UtUWI47/GLPSXZ7g+F4VGOk4ZTf1gMACXBPcmLDEVEa8GqgDlZaYCACmT6i/xzqSEQI6WA4o2nP+RTjZDACQIoMFthfiM0uywbs8u3ViKF7twpi7o68pM6ZfyLB8Zx6HCZM74lzLzPHqEwCdagkyFSr1UZip3HR08aetMoDRBQgUx/kal1RRVg5K7p7Xn6oz7FXMWDK4d7UvzxmZ3/66nV2yy29W0K5jAeYpj8VkWqzTn3hARNWh6zW0UemKoWbMo5c3z6ggvUSuSjEXHRTb/I8w6LgApk2uvFAwA/EH4hhPpey1qTTm0mmIl4+89Cv3fKz5eO2G08xGmodctUzobvOKYniLlGDi3aFfDgv2NPLkMPo4zQs6qTtrGuQ8fh8UdAQAVyBNAHfGUZvosd+jYDzj2qQ9kB0JI3t9r972QuYudRR/Js+qC5WjJLsbuhl/wqQVHwvShiEi/xhWSZ2/2/SHnkue5SYWKeLGWX33VU97Xfu4DA3H5Ac1tk8lrockikEmGwuQrvVOeJ2ehFRal5ilKi9F6QBkwYL/PIMkSBnKPbXdD3hNa9faoVYErBjEMxTEJMEcrVEEaehSoI/zFVmAPHhU/nCekcetO8MFUrKHM2dhUuvSjEV2f6wAU8xMNVINNdNcwxucc5VYF/MDmipzviU+qKlQ5rzCal3Zze7eUDbd39xwOeumg/FhG36jFxdjuU27/XgkTL00XEl1Iocb7UaQ+A6bpp42vCt0TjM4SSPd+W/rss/c8/7TIIA4V94WKwrEFWaOvm4OcHSmDdD/hApzWLYVMrirDTr6S3eHqRTFXwQzDen0wDZMd0sy7aivyBUjBt3Lz4B6J68u6Ahx4Z9j8eETzY+wp8eDC+rOuNQojwx5aceJlU3iZ/zO6IncwhhUTXU6NTJr4mWGepd3WleWmXZUfqXUipyPqupccdGAEVyDQXjAcob+uEvJLZSxQW/z9Focw+D/CrFoOj3lUO/SzHzO4EJ3odVjt0XuwkHp12aG9MO4t116gLOG7rbZydERnYlNVht5UV4rrxjP38kinK7YrpQpjiqPRQR0rxYEdpo9QJ693V+FD+r6gm5fNl7CpP/HwXeJoLxMP4zcm8gt+DKKMpCtWT8TOcPw3uCymEFpMKbYIXSW1WGTIvSvDjB/n1zkzFfw+RX+0eog8oTuAaVIceKkR53a07aVH48UOW1Poa+h3rjicXiMins6UDUV436EKm8X0clWCaJELw9MUAhvi4jmrcfu8IAiqQEfB2eOojIoKHEYL9vzYF7fCre1/6+smpj3Mb+VTKu3hxjyusihZadDrmKZQSDvqv9rj+okOel8xj+bN7JGU05HIPTeuC32GR4H8pd2JDrt3nWMK5UVylImRHgdnv030usONj6mgs/Hg2C9sx9KO8vArkKOkv/256lRCqysOSIpQ4h6ckJOqRzZ2FCsHXGdj6l2Q38kJwtGPLRz6T2ghTjp/dDA9HyvKfvIXJZ6b5Unw3iqmPnLXzz5AIeek1B7MDwNeyCyEnCOVcKiiait13hFLd9jhrBbLLKgPbHrvX24CACmQDaDs+hTXBwZvzKfoUsdvxkE51ecJic8QPH7wjZZtTY2pTyRWZd+nnIaKNN+IszOG5PQaMye3xVYRRPg0HPNFH1IbKsovfFHxQqtlUiHmQKKdSifeYys4PoWL2vsrU7HwyfsF6Aru42dd/q0esIkCsfo64GluCYpuksW3Ty6P0G5DXgSloqD9im+Pqey18BmRNZ6E6cPmwq69DCDGOemqR1YLSQAHxwMTuX7Yk2PZvioRMaojl3BcKa7J7Okp/xzLm7652ae5A+t6dB3rctm/2A8UwmWFj46Z0Oy1+kamUbsfPwdtu7knC2HiA8QBmt3QIQiQSYcSlXCUpgXr8V+92HL+TkjjLz+hqyZs/yoiopt9MEVj5mG2WDMHP8gvVLoNMel4w8DdNUeo8Hyr5Ug9NmSkBFci0FpaOjXRuRO7f+T8eO4HhYfbBAU0driw8KK68IudiAsNeOISyMRcHEJxA+Ct+C5I1z57KzuOfqYXQYXYdOUiA3w6+H8KYs2wr6ojoKpRdab5kV0oW/zb8Qbtan9oHQrl3mr8pMyWgApnOwp475XqcOT2YKQXBQ+uohORAFBg5HbmYI2MhcQ+/AHkUhyaYmt5ZVKntO37KgpBjUT4MWa8y8om1wtleP0T7fkc+jmvw1p7L9uPvwJSJwxz2UxVye6hEkIXAD4IjphAdNlVmBz8uFch0lpD8BvIL+MHxpksZ91VSNkki2fB3t5QkRskPFAQZznVl2/9KbWlJnDtU4cFW5iqsmgcFGAmbhW0tdM0kbDcLwQSLdi5DOLHuKIrsLOdcyoFgNpu6HJfMfnmcu4xImzqLZsanApnGUuPrwITCmz7RNphCPrdkaMt6U2/D4U45EQoflhVr8zB4syYZj0zyTXMxpkAbpZB9TMvGg6Oa0iw8vJetAxnopX2f3JZcymXoPM/VmQgxr1EoMgu7DUyaUzBj9pnPovvS50sfcgd8jAt89IuHDZ2WrxSiw0lLVBMPk0WyKgHvAwucvkNmx9svjnKij2rBYUzuB47lsSaaIWPaxbE3TIoB0xDKmorHpWDioiTHOl8D0Wi/VpzIgx6/1VBhJ/l7RQFEzuc+4IWAXeChSK1Adll361CYzH6cKpCjX+IywY0oGzK864cXOxIeTny2SniI8cMdkrlODsPzO59GrqlUX//lqZ+Hfa5PTYZSKNSWyjK0WyR1zlASvDCUQjLlzxbO+qO/Q/uNoK7ErALpx+2gj1KBHO3ylXZjlAZZxtjSS8EsQnhoLhnCZ0To0KAJp/CiMMk+8fc8wOghUZbFKL8X0w0PRa5/6LuOXazyCVWOyJCSMxQepEFYGcHFGIluo3z9FHM81jGsy7nXpfzXnb/qc+5zfE7w4g8+IvxYVCsg7J17lF2ysmcCKpA9Ay++jkxzsrdzGQ+S1oj0yUIMPW+ohEKWQu4BzvYsy8xalN3AuV4K4aEoJH6M5HQscyZjwuFzwlSVxQRQAKxRFhp/YUZcJ+wkH1MdhDmNXSP1zzBnHqLULxljQ5ox7fGH+5XKw+uEFzAKkLIuRBCyFvRyp8gjQRB129111/PzHgRUID0g7egQlANKgx8ejms69xHlhEOdUuhUuq0FcxeO1bokdy7Zva5WU5+pUDCQYo7KagJ1ZjuJf6uCC3iQsZPEB1MLLwUPSr6PQ+Re+z/gwA53aAhvVhoEamxT8Cld6gDzlrbJYCfXUoHsBOvai7IFx3lLLgFbb0xJKI3cRKq+AE2S7p2q3y4zJ5HYR8G/TQRTAGVJcNrWTuVNrtfCOfR9x9yEfKIqZ1LPn9IjKImLVh/AnXUlOGFZ+ftDYFn7P96eXoT6jp0XKUyA6/rb971efZwKZFNya85TgewI7JrL5hIYKIMnJ1MTb/5lTaV8CZzY7E7Wvc2xlvxQSETrK9iPiSRi268NuS+1U44jBwRTIEINqMsuOR0/EtFtZZdFijC+KzV6GlOEctiId3d0rUD6RKSN3W0QbABDhDBozLGUeCEU/aQiJ4cXI4JT+FvZMgEVyJaB9rgcpqnsKKftJ7sLSreXgmLBhsvbKbbxvm+n2ORxoF98xTgofEgXP0JH+4Sr9phSk4ewLrnUCGHXt68oEPTwuCXFGGFPWPSh1BFbt8B1Fd51DvRluUz5ewgioHwOgrmWexaeKFuKV/YRFBS/L/4oOyKgAtkR2BWXzWG7KIVFvb+xH+NMxZyEiWOs4NzF/o7QuY4kOWUcAXJlyoKG7ERK8yF1w9jVUUm3FLLgybchbHpO0qcPCBUOcGbjXK9NeZkFAQT33FJFhTnxnexcVCD7XZpHVpFW9bdjRrppahO735H5bUMI3LlK8su/I4oxsgvEHJmj6/J1aYxFZFsdpj3ke6d67LoILAIMKAbJvb1Ici95/ErrTLVTZdDkuFQg+1l2ssypdbXsB0QIIj8iop8Mnd3Pmoz5FsJDCXrIQokXwnMX7SiJrKPzIUoH2/wcpVQg7LKIwMJHgVAfDP/Dok6N5DNh5ts0+GOOLA9qTiqQ3S4XfLF1U6K9TAQsv5UfD02LcMQqh0GAigCv6jFUqvdST4ukwzlLqUDIPbpDV9vt2slHtKhHPMcfXzUnmzOf2c5NBbKbpaUoIt3vyNko253W34aj8JbdcUTlKIdDgJcBwp2zb6ke+WdT4Ul2lfz3nGWdQ7yeO5GCvFQZFTWDu0IFsptFPHFFbSm+kbIPVF6lmJ9lQnazBru+6uuTQzh/DwEKNJtiZ/LazteFKacFoSwL0Xx9BPPssUu6QPY532MmRkAFst0Fwd5LjkfOD1h09aelAnqtPGC2S3g6VyPSKpe2x7/VqgmS3TaBAXXJnXKlaLb13C6w4Le6hEF60SszIaAC2d5CPj6FIK66IgllZJ0rEpgTAe5pfD21EOpMIiymWnZmffOZ5sRm1nNRgYxbXupWEbKJo7Du3ldfGbMW/cUVCcyRQJmNTmAI5UmIPlNpzHG105xUIJstLi1f859lV8DeWzZnGluddLORepYE9kfgIqmgJLXBlAYIqED6LzI1pi6XzFQoj2VCbPv7UzZ5Pobs8zoruf83e6QEJCCBCRJQgfRblJdGxDVX5HJwFer1YAcmrLEuLufuox9nj5KABA6IgApk+WIR409RuJt3HQBX9dkg1p/ieDmbto6LX1dY7oBuF4cqAQlI4OsEVCCL7wYqeRKiyd+LBP/GS7qSDYTk4hzPgmmLDoFZqCRKf2srgvqrk4AEZkdABfKNS7pKedAn/ImpDlLtKOQ8CsbRLCpLXaV1djeQE5KABNoloAI59drjw1iUp8FOgq5xz15xq5BVfoXic/pyYM5SJCABCcySgArk68tKhBX9CGom6xTBoh3L6yLiOrO8Y5yUBCQggURABXIKiPOktrKl+Yl/v0XnQCcsd5Xg8yjDeukHfV+b4vgbk4AE5k5ABRJxzq709JsW9LSmexpl1lcJPSHoDZEFUxchu4oEJCCB2RNQgZxSVvq21Uo/qkoErG8EzFbPqcp5ozwwd/G3IgEJSGD2BFpXINft6li9uljlXDWUhjirenTUDnOUxl2SGWz2N40TlIAEJACB1hXI26oCh/gz2I3Qm3yRLHKYf6g7/gE9fCXecRKQgARmRaBlBXK7iHhGWk0qhr4rIq5V9HJeZLaqkwuJ2rqnZqtZ/SacjAQk0JNAqwqkLjdyUtcl8LjUUW4Zurq+lQ7znjeZh0lAAvMk0KICwQyFMijlLSl66isLlpkS1W+NiAsVn+kwn+fvwVlJQAIDCLSoQOqdBLhumDqn1egun3YltC/NovIYcIN5qAQkMF8CrSmQC3emqo9Wy7ks0/wmqcruuYvjP9aVNOEaigQkIIHmCbSmQHB407s8C30+jl1wF9y56yb4lOrfibaiJwhKRJGABCTQPIHWFAg+jjMUq/6YiHhgdRc8JCIeUf3bKyPipt2xJzd/xwhAAhKQQCLQmgL5WrXy9fzp73Gn4hjCe4nYevSaxEJvKAlIQALNEWhZgby36DRIZNbxEXGl4g4gE53scupdKRKQgAQksOYNfM6AUA5Uys1S+j/qelifjYjbR8QL5wzEuUlAAhIYQ6ClHUid/5GjrzBR3S0ijkkgUR5XjYj3jQHruRKQgATmTqAlBXKxrs7Vh4sFfUFEfL7rV05JkyzUxrqfpUnmfts7PwlIYBsEWlIg8KItLSVLFsl7IuKuKo9t3FZeQwISaIFAawpkURmTvM40grKXRwt3vXOUgAS2QqA1BQK0spDiF1P0FYpD5bGVW8qLSEACrRBoUYGwC7l1RFwxIh4cEa9qZbGdpwQkIIFtEmhRgWyTn9eSgAQk0CwBFUizS+/EJSABCYwjoAIZx8+zJSABCTRLQAXS7NI7cQlIQALjCKhAxvHzbAlIQALNElCBNLv0TlwCEpDAOAIqkHH8PFsCEpBAswRUIM0uvROXgAQkMI6ACmQcP8+WgAQk0CwBFUizS+/EJSABCYwjoAIZx8+zJSABCTRLQAXS7NI7cQlIQALjCKhAxvHzbAlIQALNElCBNLv0TlwCEpDAOAIqkHH8PFsCEpBAswRUIM0uvROXgAQkMI6ACmQcP8+WgAQk0CwBFUizS+/EJSABCYwjoAIZx8+zJSABCTRLQAXS7NI7cQlIQALjCKhAxvHzbAlIQALNElCBNLv0TlwCEpDAOAIqkHH8PFsCEpBAswRUIM0uvROXgAQkMI6ACmQcP8+WgAQk0CwBFUizS+/EJSABCYwjoAIZx8+zJSABCTRLQAXS7NI7cQlIQALjCKhAxvHzbAlIQALNElCBNLv0TlwCEpDAOAIqkHH8PFsCEpBAswRUIM0uvROXgAQkMI6ACmQcP8+WgAQk0CwBFUizS+/EJSABCYwjoAIZx8+zJSABCTRLQAXS7NI7cQlIQALjCKhAxvHzbAlIQALNElCBNLv0TlwCEpDAOAIqkHH8PFsCEpBAswRUIM0uvROXgAQkMI6ACmQcP8+WgAQk0CwBFUizS+/EJSABCYwjoAIZx8+zJSABCTRLQAXS7NI7cQlIQALjCKhAxvHzbAlIQALNElCBNLv0TlwCEpDAOAIqkHH8PFsCEpBAswT+D+/jMPEeyhDfAAAAAElFTkSuQmCC', 1),
('ACTA-012325-1', 1, '2024-10-26', 'Cómite mensual 26 de octubre 2024', 'Virtual', 'Luminarias led instaladas en el corregimiento de la Victoria por terceros sin autorización de parte de la concesión. ,Recepción de proyectos particulares: Laureles ,Recepción de proyectos particulares ,Reposición de Luminarias Led en falla  ,Gran Plaza , Respuesta de informe enviado por la interventoría del cambio de tecnología  ,Respuesta a las PQR´s pendientes desde el 2020. ,Usuarios no regulados ,Pago mensual interventoría  ,Enlace de PQR´s en la página de la alcaldía.  ,Conciliación de inventario CEDENAR-UTAPI ,Parque San Felipe \"La Pola\" ,Daño en los apoyos (postes) por terceros. ,Pago de las facturas de ASC.,Proyecto de modernización Corredor Turístico ,Plan Anual 2024 ,Comunicado de reclamación CEDENAR ,Hurto de cable en la Avenida Rumichaca ,Lista de chequeo situación sin fondos ,Estudio Técnico de referencia ,Facturas de medida ,Disposición final de las luminarias ,Instalación de parque OBANDO frente al hospital.', '5268714', '5268714', '15:00', '17:00', 6, 'Pendiente', '', 1),
('ACTA-012325-2', 1, '2024-10-26', 'Cómite mensual 26 de octubre 2024', 'Virtual ', 'Luminarias led instaladas en el corregimiento de la Victoria por terceros sin autorización de parte de la concesión. ,Recepción de proyectos particulares: Laureles ,Recepción de proyectos particulares ,Reposición de Luminarias Led en falla  ,Gran Plaza , Respuesta de informe enviado por la interventoría del cambio de tecnología  ,Respuesta a las PQR´s pendientes desde el 2020. ,Usuarios no regulados ,Pago mensual interventoría  ,Enlace de PQR´s en la página de la alcaldía.  ,Conciliación de inventario CEDENAR-UTAPI ,Parque San Felipe \"La Pola\" ,Daño en los apoyos (postes) por terceros. ,Pago de las facturas de ASC.,Proyecto de modernización Corredor Turístico ,Plan Anual 2024 ,Comunicado de reclamación CEDENAR ,Hurto de cable en la Avenida Rumichaca ,Lista de chequeo situación sin fondos ,Estudio Técnico de referencia ,Facturas de medida ,Disposición final de las luminarias ,Instalación de parque OBANDO frente al hospital.', '5268714', '5268714', '15:00', '17:00', 6, 'Pendiente', '', 1),
('ACTA-052625-1', 2, '2025-05-24', 'prueba', 'Virtual', 'prueba', '5268714', '5268714', '11:00', '13:15', 1, 'firmado', 'data:image/png;base64,iVBORw0KGgoAAAANSUhEUgAAAZAAAAC0CAYAAAC69XpYAAAAAXNSR0IArs4c6QAAF8BJREFUeF7tnQvUftlcx39C6KKLJCrkMmjcRxclRlhRVIihzAhJaEhi5dJEaeRSuYxCEyr3ieReYZRxD62QUVKpqGjSxS1F57P+e4/teN73fc559nPOeZ79+a1lteb/nrPP3p/9dL5n7/27XCA0CUhAAhKQwAgCFxhxj7dIQAISkIAEQgHxRyABCUhAAqMIKCCjsHmTBCQgAQkoIP4GJCABCUhgFAEFZBQ2b5KABCQgAQXE34AEJCABCYwioICMwuZNEpCABCSggPgbkIAEJCCBUQQUkFHYvEkCEpCABBQQfwMSkIAEJDCKgAIyCps3SUACEpCAAuJvQAISkIAERhFQQEZh8yYJSEACElBA/A1IQAISkMAoAgrIKGzeJAEJSEACCoi/AQlIQAISGEVAARmFzZskIAEJSEAB8TcgAQlIQAKjCCggo7B5kwQkIAEJKCCrfwO3jIhbRcRxEXH59L/yytdGxFMj4jn+hCQgAQm0SkAB+fyZv11E3CsiTlzzB/H2iHhMRDx3zeu9TAISkMDeEFBAjk3llSLi9IhAQMbYmRFx9zE3eo8EJCCBXSWggBybuV+IiJ/bcBIf3t3/sA3b8HYJSEACO0NAATk2VS+PiFukWftYRDy2EIMTIuLWEfGq9PcrRMTJB2xz3T4iztqZ2bejEpCABDYgoIBE3KF3GP6QtJ11GNYvj4hTIuKMFRddOSLet8GceKsEJCCBnSCggEScXawm3h0RVx8wc2xZ/Xzv+gemg/UBzXipBCQggd0joIBEvKfzorpqmrrrde67bxs4jc/vHb6/OiJuOrANL5eABCSwcwRaF5CbR8Qrilm7cbcaIcZjiF06Ij7Yu+GbIuLvhjTitRKQgAR2jUDLAvJtEfHHEcF5BvaBiLjcyAn8bO++u3TBh88Y2Za3SUACEtgJAq0KyKUi4g0RgUcV9t6IYPXxoZGzhljcubiXVQztaRKQgAT2lkCrAvLbyYuKif2riLhNd47BAfom1l+FXCW1vUmb3isBCUhgsQRaFJAnRsRPphn5r4j43u7Q+5wKM1R6c9GcgYUVoNqEBCSwXAKtCQgv9dOK6SD9CGlIaljfpVcBqUF1N9pg7okJ+shudNdeSqAOgVYE5IJdvqtnxrGgwWykL+H/8ftbT2PJEslORHs2Vjr3GduY9+0MgbzyJHiUIFJNAs0QaEVA8LYqYzOeHBH3i4hPVpxpzjzOLdr784i4TsX2bWqZBN7Vpa85Pp2hDQlCXeZo7JUEBhBoQUAe31sJ3DUiOET/zABO61768Yi4WLqYL9PvXvdGr9tpAqxkn9D9zs7b6VHYeQkMJLDvAtIXj0dGxIMHMhpy+Zu6wETiSzC8u1iVaBKQgAT2ksA+CwgZde+fZu1TadVxjy3P4rO7mJI7Fs/44oj49JafafMSkIAEZiGwrwLSX3lwgH5qRHx0y5QfHREPKJ7xjRHxj1t+ps1LQAISmIXAPgoIhaHwsMq2jQPzgyaLTLyPKv7IoeqmAYqz/DB8qAQkIIGjCOybgFD46XkRceE08D9JxZ/+4SgQlf5OgCLuu9mu1vPMqvQYm5GABCQwP4F9EpAT41htj2yviYiTJg7uYvuKbaxs5Nz61/mn2R5IQAISqE9gXwTkshFB3MVXJUScdXxPl6bkLfWRHdpiGY1OmpSLT/x8HycBCUhgMgL7ICDU3nhjRPC1j32ic6H94Yh40WQUP/egx0XEfdN/viMirjtDH3ykBCQggUkI7LqA4OXEIXWu6QE0XHd/dRJ6X/iQp3eFpH40/fNZEXH7mfrhYyUgAQlsncAuC8i1UkGoSyZK/xcRv5iy4G4d3AEP+IOI+P70NzzB+vXS5+qXz5WABCRQncCuCsg9I+LXIuIiBZE3R8T1KyZHHAObMra5qiHuxI8Y04j3SEACEtgFArsoILjqsj1Eht1s/9K57+Iy++8zQ/+niLhM6gNiRmoTTQISkMBeEtg1AaH4E9tEFypmg0PzO0XEC2eeoa8sBIz0JSRVZFtNk4AEJLCXBHZJQPiif3WR7TZPyJOKCoNzThLi9rLUAeqtf+ecnfHZEpCABLZNYFcE5BIR8foV2W2pxXDjiYMFD5qTh6ZDfP6OOy/1RjQJSEACe0tgVwTkN7ukhD/Wm4WPRcSPpC2tJUzQiyPiVqkj9IvMvNryCFy+c7XG2UGTgAQ2JLALAkIBqN9aMc4l1RwnbfsHuzxYrJQwght9SW3449zC7b8XEbftUty8J22FIiZvS1kMWM2yctQkIIE1CSxdQL46IkiE+CW98ZC25PvSS3vNoW71MgIGSeKI8XL65q0+zcaHErhiWhF+6xo3vjZdQ3AqHwQviIifWeM+L5FAcwSWLiCrtq7wbEI8/nBBs5VrrrOtxhfukvq2IEznd4X5+45esS1e3PnlXavPxAndISIeExE54PR/IuLvI+LKAx7iinIALC9th8DSBeTDEfE1vek4rTisXsJM4W11TurIWyPi27dUb30JYx3bh+OS6H9LRBDHc9EDGvqNlIoG1+xN7UZdiptfiYgTiobeFxFsib6u+LfnpqzNBz2PpJjEGBHjo0lAAgWBpQvIZ3uzxZfjNSPiPxc0i6/oAgZv3r34eNFQMvc5C+rbHF3hN3W99FK+aUSQcqZv1Iv/35TqnpotP13kM3tWiusZ23fECeFgLspgU87R8IxjnkojfufuXeZm3LApCZCNSpKvSq7jVLTUJCCBHoElC0i/vsd/R8RtUv6rpUwkwoGAYLwU+er956V0buJ+MHYSSd6kc3ogyWVpnFn9TUT8abd19Ucrimz9bURwoI0hKOWLfMgwCN5kRZHzkXHvuRFxn4X9boaMyWslsFgCSxYQAgTvlciRcZeD6r9cGEledjdMfaIaIX1uzdiSenBadeSxE7ODsLK1R6p9zh0OMhwk8GD7irQ6uFtKVTOGI67TdyxuJLnmL0XEp8Y05j0SkMDhBJYsIOX21fE98cDL6WvT0NiSwBVzartSF4fy1+mh56V98laqD/K7oeYK3knXTgksEQvK+b4kIj45YDLY4mKFkg0hGbNFSXLNnyraOTki3HoaMBFeKoGhBJYqILwIeCFgVBfkoJp96m9I2xv9g/UPpP1utkjw5Z+iEuHvpHrr9PFnu7iCRw2Fv4PXcyCNSCDgvOhJYsl/48LMAfUYQ4g498DwYvuyEY38QNen50cE8Tif6VY0P35A7NCIpr1FAhI4iMBSBYT+8nV/hbS9gXAMMbYs2Psm8SJbGIdtoQxpN19LCV0O9DGew6ExL799NA6l2RYihT5eVBhBknBFRDdhe+F0NpLPTJivHxwIEQ8vVjCcf2D37lanvz6wDS+XgARGEFiygJT1xUcM7fxbiDB+QOde+8pNGund+4yIuHP6t4d0X76nV2x7KU3drDvDwIuKlV+uNU+cBiuOWpmPn9YJ8V2KAVPHnkP2dY1V0Es7b6kbpBt+PzlarHu/10lAAhsQWKqAPCVtQ5RDw8uJ7ax/Sy+N8kCdPFnXOSICnJc+B92brhT44n1v6hirJF5e+3L28fWppjtbQowTgxcv+jOSp9kGP7fPu5VtJuYZY9uJOaQk8LrGuRj5x1ilYh9J51D8X00CEpiAwNIEhP68s/PC4eWQja9evHzw5jnK2Mb4oS5zL1/PuHLyhVoaaVFOWrOtg57Ffj379tiDuqC4Xz6qUwv/O+liWKHBrAy6YyXAaoOgu/+oPAYcEIjWzy9/Ds0RLM5U1jEyMP9uRCB4GFuWfBycuc7NXiMBCdQhsDQBKb9KGSEH6QSZjTEOVO/bFXWitCx5jbLxtUuwH0WohhoeR+9INyF037WFl+vQPo29/qopsA5BLYUWV2QOxcto7bHPOOg+Drxvl/7IioFzC/5tHXtkclrI15LahtrznMloEpDAhASWJCDkG2JriINVjOJR7MFvarwc+cImCrlMyjhGnCgURWEr7CeKLZhN+zjV/XyxIxjEWpQJH2FNmeC8pbTN/nBIzllFNs66yKx8lLE6YiuNTATZcBcmXxpee3wYaBKQwIQEliQgHIaSZA/jTIEv5Jo1znnxEKOAB1U2XpoEKK5jHJpzjoLhJoxrMek4dsFYbdH/UpBJ1cF2HF/+b59wEOX51joBovwOEJhV80R6djzEdmUeJsTsoySwfQJLEZBrdN4zf5GGy344Lzxe9tuwcvuE9hGF0hNo1TPxQqJ/2Z2YFzFf7Us2zhnIB3VKEXRJf1/T1ZR/RJd25eyZOl8GiBI7QwzNKuO3SaAi4pFddPN1uA4jHrgWjwk6nGnoPlYC+0VgKQKCKywvNQ5DST9B+u1N4guOmqW+iHAoe1gqcSKaqTKIEWPAnv0S7UvTdh3nC+UWFVmCGTNnP3NnlcWtOjtJIHBPXQHyUkmgS2eKfBkH7QjP4922WuJP0D61RGApApLracCehInlHvm25qMUESLYSQa4ykgOSFZWjGJRBNNt6gpce0ykkMcNlpK6OcULz2AVR2ZacnYtxRCA3EfEAxEpjS0p/r0fkc7KhcN9as+TmFGTgARmJrAUASGXVA5WIzdS3s7aJp5+tl/cfvvbZhdPXle4m7I64gCaaOmlGIJBptnybIMXNF/nRInPvdroc8IzjoPv8neHe/YXpRohq1K/0wZnYrjpcmalSUACCyGwBAHhSzPXaOArkypyn56IT7kfzxYWW1mllRHnuIny9Tu3XTrl4GL/P6dAp0+IH4fiubTu3P086Plsp5H6ZV1DsDkTI52/JgEJLIjAEgSEOtVvTkz4Ou0fmG4TVz9dCgGCuSAUadrz1g/eQrjv9osRbbNvZdu4NuN6SxlY0qfn7R36Q6EkzmVyZuCp+jT2OfzmcLvFtRoxPMhYdSDaTxj7IO+TgAS2S2AJAkINcTxqMJL0EQ8ylVGNjvOWXMAor0IQMWJScpI/tq7WDXSr2XdcjgmGpFATEePZ/iwiKP/KamNp5zHrjp/xIBC4F8ObceAeTYAmJW3ZrpojTf+6/fc6CTRPYAkCQhQxKwHsBSkVyZQTg8dSKQ7EonC2QKAgRlErXtZTGd5TPJuAu35lP4QDVi+bqjM+RwISkMBBBJYgIJQg5Qsfw2MI3/8pjdgOAukumR5KksbsAks+KHJrbXvriq0pzjTIRpv7UTJgC+2xKf8TqTs0CUhAArMTWIKAkFuKHFPYqSnr69RgCGYjxxJGVPOFOvfSD6WEjHz11zbONHgmW2iMOadv6T+HzMPkB6uVPr32OGxPAhJomMDcAsLzOTjHvRO7ReW6HetOLWcgvKSzKzF5lUhpTnqVWsbB9/1T6o2rHNEoKw62qoiPqZ0Jt9Z4bEcCEmicwNwCwnZNWUuDmh5lfewpp4c4jyxkvLQpm7tpjiVcktkCu2VazZTJHFeNDZdVtqpI2mhywCln32dJQAKDCcwtIHhcvb/oNXENuVTs4MFscANV98qUGgTnUQtjrLElR+Ab4tGvSdJvE7HCdZj0LSWLsc/2PglIQAKTEJhbQIjwLtNSXHGGlyhZdc/p0SaBX/YMGzIRZIy9azoMP+w+3FRJj4JwsE227UP6IWPwWglIQAJrEZhbQDhELlO24/1Evqmp7Gop9oDzCaLSM491a1TQT1YZBPKx5XUYT7yncFN+UTrnqZmqfipePkcCEpDA+QSWJiC4s65TurbGFBJjQc4tRIwgNoLWiD7P9rhUhKr/rAum4Dfcf9n6yineV/UJ0SDFCHEbiIeiUWPmbEMCElgEgbkFBMF4fUGCGhZTZFrl7IVtq8ukJImnRcS5lRIlIhrU+35TqjVCHXZNAhKQwN4RmFtA+jXQyX677fMAVh7EduSU4uRaIl0I9uQV6cXXnfSPp5xe5KrS9XZdal4nAQnsLIG5BYTgvVyRjjOIi265kBRuw1Tku3o683hQcpvN0d14TxHYOMTYciN9Ojm1tlkEa0ifvFYCEpDA1gnMLSDkmMo5pxgsgXwf3dKoqdb38nTOkbeZCBbsx3rgzkv1wYNiNhA6zktIvEjcBltwZVr4LXXfZiUgAQksi8DcAkLQHNHZ2bZ1BnKJJB6kjidA78wUpzFV3ZFlzbq9kYAEJFCBwNwC8sBU3zoP5aja5GOGzKqGuh7XSDez1XTyDqdBH8PAeyQgAQlUJzC3gFDn4unFqMqCTjUGi7fVKyPiuLTyoMwrtcPNaFuDrm1IQAJNE5hbQDiDILAuGynN8YSqYQQJEu2Nqy5nFJSnRTzMMVWDrm1IQALNE5hbQG7WlWml5ka2M1J6800n5rpJPNi+4pCcOI9Hu/LYFKv3S0ACEvgcgbkF5AYR8bpiQvCAuseGE0SFQVYbeFGRYZf620/RU2pDqt4uAQlIoEdgbgEh9xW1L7I9KXlHjZkoUpKQ0ZZtKoz0JKQaoeKhbrZjiHqPBCQggUMIzC0gJCD8cNG/syKCjLZDjcBAtr9ulG6kmuApaRtraFteLwEJSEACaxCYW0BITEhFQkrIYu/sKgNec41+l5dQQ51odmI9WGlwKH/vVJJ2YFNeLgEJSEAC6xKYW0DoJ1tYbGVhpAI5oUuR/q41B/DMFDXO5eSiIq8V21jnrXm/l0lAAhKQwEgCSxAQXvqnFv0ni+31jxgPSRipGnh8uo4EjHeKiBeP5OBtEpCABCQwkMASBIR6Gm/t4j++ruj7bbutrBcW/81ZyUnpfwQBnlj87VkpNQm5qTQJSEACEpiIwBIEhKGSFff0YsxUJeRgnKA/xOLsFTxIaPi0VA1wIlw+RgISkIAEMoGlCAiZct9f1OjI/SMuhLgOAgJLG1uz3JmXgAQkIIFKBJYiIAyHvFisKA7r0/26ErSUmtUkIAEJSGBmAksSENxwn9dFpt9kBZMaEeozo/bxEpCABPaLwJIEBLKkc39Yl+L9YikFO9HkHI57QL5fvztHIwEJ7AGBpQnIHiB1CBKQgATaIKCAtDHPjlICEpBAdQIKSHWkNigBCUigDQIKSBvz7CglIAEJVCeggFRHaoMSkIAE2iCggLQxz45SAhKQQHUCCkh1pDYoAQlIoA0CCkgb8+woJSABCVQnoIBUR2qDEpCABNogoIC0Mc+OUgISkEB1AgpIdaQ2KAEJSKANAgpIG/PsKCUgAQlUJ6CAVEdqgxKQgATaIKCAtDHPjlICEpBAdQIKSHWkNigBCUigDQIKSBvz7CglIAEJVCeggFRHaoMSkIAE2iCggLQxz45SAhKQQHUCCkh1pDYoAQlIoA0CCkgb8+woJSABCVQnoIBUR2qDEpCABNogoIC0Mc+OUgISkEB1AgpIdaQ2KAEJSKANAgpIG/PsKCUgAQlUJ6CAVEdqgxKQgATaIKCAtDHPjlICEpBAdQIKSHWkNigBCUigDQIKSBvz7CglIAEJVCeggFRHaoMSkIAE2iCggLQxz45SAhKQQHUCCkh1pDYoAQlIoA0CCkgb8+woJSABCVQnoIBUR2qDEpCABNogoIC0Mc+OUgISkEB1AgpIdaQ2KAEJSKANAgpIG/PsKCUgAQlUJ6CAVEdqgxKQgATaIKCAtDHPjlICEpBAdQIKSHWkNigBCUigDQIKSBvz7CglIAEJVCeggFRHaoMSkIAE2iCggLQxz45SAhKQQHUCCkh1pDYoAQlIoA0CCkgb8+woJSABCVQnoIBUR2qDEpCABNogoIC0Mc+OUgISkEB1AgpIdaQ2KAEJSKANAgpIG/PsKCUgAQlUJ6CAVEdqgxKQgATaIKCAtDHPjlICEpBAdQIKSHWkNigBCUigDQIKSBvz7CglIAEJVCeggFRHaoMSkIAE2iCggLQxz45SAhKQQHUCCkh1pDYoAQlIoA0CCkgb8+woJSABCVQnoIBUR2qDEpCABNogoIC0Mc+OUgISkEB1AgpIdaQ2KAEJSKANAgpIG/PsKCUgAQlUJ6CAVEdqgxKQgATaIKCAtDHPjlICEpBAdQIKSHWkNigBCUigDQIKSBvz7CglIAEJVCeggFRHaoMSkIAE2iCggLQxz45SAhKQQHUCCkh1pDYoAQlIoA0CCkgb8+woJSABCVQnoIBUR2qDEpCABNogoIC0Mc+OUgISkEB1AgpIdaQ2KAEJSKANAgpIG/PsKCUgAQlUJ6CAVEdqgxKQgATaIKCAtDHPjlICEpBAdQL/D6gp0tN9nL43AAAAAElFTkSuQmCC', 1),
('ACTA-062025-1', 10, '2025-06-20', 'Prueba', 'Virtual', '1. Diligenciamiento Formato programación ,2. Diligenciamiento acta VOSIN', '5268714', '5268714', '16:28', '17:00', 2, 'firmado', 'data:image/png;base64,iVBORw0KGgoAAAANSUhEUgAAAZAAAAC0CAYAAAC69XpYAAAAAXNSR0IArs4c6QAAHlVJREFUeF7tnQnUfdd0wLe2Zh3U2JinoGoKlimoxlxNDSHGokRNoUQMKy2CmkKCRGuuUEoR80xDjTWEpMYaYkhpigwtNYTq/SX7Juf/8t737rvvfu+7w2+vlZXke/ece+7vnPf2Pfvs4RyhSEACEpCABFoQOEeLNjaRgAQkIAEJhArERSABCUhAAq0IqEBaYbORBCQgAQmoQFwDEpCABCTQioAKpBU2G0lAAhKQgArENSABCUhAAq0IqEBaYbORBCQgAQmoQFwDEpCABCTQioAKpBU2G0lAAhKQgArENSABCUhAAq0IqEBaYbORBCQgAQmoQFwDEpCABCTQioAKpBU2G0lAAhKQgArENSABCUhAAq0IqEBaYbORBCQgAQmoQFwDEpCABCTQioAKpBU2G0lAAhKQgArENSABCUhAAq0IqEBaYbORBCQgAQmoQFwDbQhcLSLOExGfadPYNhKQwDgIqEDGMY/b/RTni4gDIuJOEXHx/Id7fjMido+I07Z7APYvAQn0j4AKpH9z0qcRnSsi9o+IgyPi/AsG9mcR8ao+DdqxSEACmyGgAtkM5yHe5cIR8fqI+MMlg39atQM5aIgP6JglIIH1CKhA1uM31taXjoiPRsQl5zzg/0UE//xGfvbBiLj5WEH4XBKQwGICKhBXxyyBa0bE2+coj2Mj4rUR8bqI2DsinpsN2aXcVYwSkMD0CKhApjfnWz0x5xlHzrngfRGxb0ScnJ+9NCLun/+N8kCJKBKQwMQIqEAmNuFbPO7tI+KoiDjnzDWvjoj7RMQvi7+fGBEXjYhTK4VzuUKxSFMCEpgQARXIhCZ7i0e9XUS8Y+bzn0fE/dJkVSqPPSPiw3ktf6/PQiQpAQlMjIAKZGITPudxbxgRmKhKN10UA55Vz5xzPV5ZR+ffPxkR1xehBCQwTQIqkGnOe/3UV4mIT0XEBQoMeFgR9/HkBWhKBcJ1T5o2Qp9eAtMloAKZ7txftnK//VBE4LJbyosi4mER8YsFaFAYT8zPPECf7vrxySUQKpBpLgLm/biI+IOZx39JRDwo4zwWkSkVCDuYr0wToU8tAQmoQKa5Bp4VEQfOPPpbImKfLXYe9eUfiwjOTQwgnOba8aklcCYBFcj0FsO1I4LD79J76pURsV9E4Hm1lZTeWnhovWJ6+HxiCUigJqACmd5aeGdE3LZ47E9UXlU3a6A8aPLpiLhOXnvlzMY7PYI+sQQkcDoBFci0FsIfRcQHikd+V0TcIyJOaYCBAMMTMoDw36qgw2s0aOMlEpDAiAmoQEY8uXMejXiPW+Tff5hJEFEGTYT8V5yT/CjNXeTFUiQggQkTUIFMZ/IxOX25eNzHVMGDh6zw+CgM8mEhu0XE91Zo66USkMAICahARjipCx7pcxFBpl0EF17OMhbFesx2QW0QzFcUmHpKEQcyHXr9flJcq4+o4nd+0O9hOrqxEVCBjG1G5z8P8R61qep/I2KPFeM3HhkRh2byxFtm9Po0yPX/KUkrQ3aAr0XElfo/XEc4JgIqkDHN5uJn+XhE3CA/pvwsadubyq9VSRW/lfVBMIGxc0EJKf0g8Pkqnf7VIuILcwJD+zFCRzFaAiqQ0U7tmQ92h8p09ab8vy9FxNVnUrMvI3CvrHnO4fljKy+sv13WwM83TgAT1vMj4qSN39kbTpqACmTc04/r7fERcYnq3OJXlZkDZfCaFR6ZYMNjUulgX7+esR8r0PNSCYycgApk3BP88Ih4Xj4iiRP3WnH3gdcV3lconwMi4rBx4/LpJCCBVQioQFahNaxrL1SddXyjOvz+raq2x2kRcdOIIOq8qZwvdx+4/2JnJ43Jd5o29joJSGD8BFQg453jum459T0oS7vKwTlUSOl+eO5Y/ioinjFeVD6ZBDZK4JsRcZkszEZ2iMGKCmSwU7flwMmWS9ZchPrlJFBcJfCPeI9/z0VOO9yAPaAd51rxqTZL4NwR8dPiloP+DR704Dc774O5G3OKtxWmJ+TxLXYPnHc8O+uCPDAiXjaYp3egEug/gf8pqoBSSnqwbvEqkP4vtlVH+OgiRclH8+wDM1ZT2T1jCvDA4swDRfSTpo29TgISWEqAJKa3yasI/iQIdJCiAhnktC0c9EUywvyCmfSQ1CUcpDcVTFd4a9VBh8+p+kEhKRKQQHcE6vNJesQ5BYUySFGBDHLaFg6aIL8Hp9stB99PW/Hx9s+ANJp9pkr9fhN3HysS9HIJLCfwzMpsRTJT5C7VGeMbljfp5xUqkH7OS5tRUZ+cfFeYno7NXUR5WLeszyvk2QnBh9QHYffy7WWN/FwCEliZAB6NZHVACO7FS3KQogIZ5LTNHTRlae9d1Tr/cS7KN6/4aO+OiFtnm7tW+ZVev2J7L5eABJoReHHW1OFqUg1RZ2eQogIZ5LSdbdDsPvC8Qsh7dacVH2ufQmF8OEveoogUCUigewJvq8pD3z67JZMy546DFBXIIKftbIOudx/EbKA8Vok4v2getONOiNLAC+u748DiU0iglwS+GBFXzZHh5UjM1SBFBTLIadtl0GWlwSevWOyJ+f9guvrS6f0i4hXDR+ITSKDXBIj7OG+OkFRDxIUMUlQgg5y2XQZNJbqHZqT5tSLiv1Z4pCdW15IKHHl/5QJ8d6varUDPSyWwOoELFArjlxGB0wrJSgcpKpBBTtuZg75YdRj3HxFB0SdyV61Sq4PcWEdmT5is/iSTJw6biKOXQL8JkAOLXFgIAbokLR2sqEAGO3WnDxxPKQ7AeZPBDZfKgU2EncpHqoh1zj2Qu1U22dc1aeg1EpDAWgR+PzM90AnfW9zuBysqkMFO3enuf3WlwWcVfuXLngib69cj4sK5dX5uRDxqWSM/l4AEOiHwiIjgO4f8rMpTd55Oet2hTlQgOwR+zdvy448nB6lL3lj9N3EbTfNdUROd4CXkfZmTp2nbNYdtcwlMngAZHvZI5cEZJFHpgxUVyDCnrnbbJdKciPGmboDlruX7mSjx5GEicNQSGByBq2VxNgbOOQiBu02/u718WBVIL6dly0EReHR0XsFW+JENH+Hi1VnHl6uytL+dqUruU70JvbVhWy+TgATWJ3BQdebx1OymTcDv+iPouAcVSMdAt7k7suUeHxG7ZZ4qCj018SH/9Yh4b0RQ/Qxz1QsiAlvsYN0Ht5mz3UtgOwiQ5WHP7Jgs12S7HrSoQIY1fRyWH5hK4/IrxGw8vaqC9rh8VGywe1U7l1OH9eiOVgKDJoC7Lt+52usKcxbnmIMWFchwpu/qVZqS43K4pF0ngLCJ3DEijsoL8fq4RbrwNmnrNRKQQDcEbhQRFHhDOH8khmvwFgAVSDeLY7t7wQRFpDjnH8dUBWiuHxG/aHDTK6ayYLEi96xyXb2mQTsvkYAEuiXwlOo7S40e5LWZ9aHbO+xAbyqQHYDe4pb88P9Dmq44x/h0gz6ITiep4vXyTYeo8z8fw1tPg2f3kmERwJyDgweBdWMVrAdYEZDRBO6qQPq/XH8zXf5+N6sFcvjdRMqymQQOXsdzjybYvGZDBIjI3jfzuF2oCmb976oyH04h39nQ/Td5G56LYm/IeyLij8eiLFUgm1xG7e5FWdrHZ/T4zRt+wUjpToAhQnLFm2at9HYjsJUEuiXwT1nKdbZXTDx/0+2tetFbXazttCwzXScw7cXg1hmECmQdetvfljMMPDXY2nNwzq5imbBN/pcqXcLv5IWkKTlsWSM/l8CGCPDjSQT2PMElncBYXNXHImSJqPPMETx43eq7/MOxPJwKpN8zSaAfWXI/lTXOl6UcuVQmasPshbw8Ih7guUe/J3lCo7tgRJw053nxRqp/i06oAmVvlkXOxoCmPPug5DRnmaMRFUh/p5IvEcWefhQRt6rSHnx8yVAvW73dvL3K0MuBJMIXkf/GtqxIYKcJUIHvX6vgufrlhvF8Idf4bTKbdD1GnD9uuNMD7uD+WAFw2SX2gxgQqn/+vIN+e9OFCqQ3U7HLQJgXcuRgwsL8tCxbLhl2P1fV97hc9kLFM+I9limdfj69oxobAcxSH4gIDstLuWW6p1MJk7M+0u3Uws6bF6Ihy/0Ls3OT7/HgnlUF0s8pe3AWh8IWjAcHCmEreUdE3C4voMAUboLU+1AksNMEbhwRH4oIYplKIY0H6TwQfoc443teccEYYiVKZwE4fGynJ6Pr+6tAuia6fn8E/aE4qBPwFxHxkiVd8iU8pLgGD6y6Tsj6o7EHCbQjcIlMVU4M06ywG2GHXAqpPvg7cUsomx9kuYJ2d+9HKyp9/l6Vd46M15ivmgT/9mPkDUehAmkIaoOX/X0V93Hf6ovErmLvJXU+UDAvzLFRHvPgodcX2CBnb7U9BDgoJ+qamjNkfi7le/kZa3ZeGo+6VkbdhswL7F6GKNTs4fwDYefBDmR0ogLp15Ti4ofHFf7i1y5KX84bZekeiHcW9dCfkG87/XoqRzMFAjhx/GW1e6ZMQO1CXj435ZeJ8Th2Cxi112F9yT9WZ4H3GCi8MvfVm6vnJifd6EQF0p8pZduOyx8RutT4qMtezhshkazYiC+Qb3KHZ0lbCkwpEthuAuwM8BBE+G/iOvj3PHlnFcf015nDbdm4XpEKqL6O6O1rLGvU089RfK/OsRG/tV9Px7nWsFQga+HrtHF9lvHJ3O4uspfi3vu2wh2SQ3NcJJvUBel0wHY2agK80Ny98iK6ZL7U4BGIeeoq+dSYm0iPs0h466buDOcaTbPOlik/6n7ZlXOvoUntCMO4KSKFEh2dqED6MaXXSjvpefONq86bMzs6UpKwza9ty1xHWUxsy4oE2hJASVAj5ib5MkLetVpRNO2TZIi4kZ9SlW3dZw0vQBQOCUNrmXfg3nRMO3kdh+eY7fiu3iWTRe7keLbl3iqQbcG6cqe8rf1p+r3j/z5PcHM8tChIc2K2IThLkUATAlS0RDEQuIe3Hx5PxF5caUHjr1WmF3a4JOMkySEmUoL8zpkR5XVQYG3OajKGZdeQMRrPQ7JJ18LbfO0ssqy9n2+QgApkg7AX3IoSl5S65AvK+QeR57PCF/4tVbAVPwAIQYacg/AFVyQwjwBOGFdOMxPKgrXFP+xyZ4UgVBQF5lP+IXsB/94Jt1Oitr+UQbTlOPE4fLFT3S8CKpCdnw/cFFEibHPryoHlqDAHsBWuBY8rUpuwtVckwFkFnk94/Vw6vfdwIZ0nvHBg9vxKOmyQdBPF0TdhN04CwnPPDIwzGZxHlJ4QUIHs7ESgNIhWxU8cpfDjmeFQx5x65rVw1sF2nt2IMj0CBNvxJo6C4OxrtwxUm0eC4DV2Fpg42eFSTpV8TEORuoxBOV52RP+csSF4bBGop+wgARXIzsHHfswXnB8BAgbfN+dt61UzKSAeVP1gvGjnhuydN0gAF22UBPmiSIqJowV/myfsLMh79tU0PRFLNC/r7QaHv/atOAPBcwkX4Xm/U6T3eVfGTJELjt0XadLZXf0sFSfKRgeTtadicQcqkG2Eu6RriucQsUvhJ3YipasjKdhnU5hY12Pn5mq774yphniHG6SiwD2WBITzBJdW/iHdDbsKFMdOnFVsNxP65/eJ78hBLW9Gtl+yM5Qm4JZd2WweARXIzqwLXPx4W0R4u/xWMQxyBJGFtLT/8qaFXZgIdWWYBPZIpcBBNm/XRG4Tsc38s7M4/8xjUUQM8xNrgzdpCovx/2OuG77oN4qAPM4/2sprKo5k/B1VKvW2MLpspwLpkmbzvup65WzPn1w0ww+fHFhlzQTORzBlzPPOan5Hr9wUAZQBrtiYnIitIPju8ktuzg8bZidMmnjY1d5QywqIbeqZdvo+OApQzpl8Uihf4kRwPFlFKOREQSelQwIqkA5hNuwK0wQ/FrjtYrKoE65dIQ/TydpZC+6MZNclSEvpJwHiKsgOwDlWnVJ/q5FSo/7TuQaY+89n0N3UdhbrziYmP3iTtRqBJQqYWBUU+GzZXM5M6tQ/697b9klABbL5pYAH1e1zS/3K4vYchKJEaqF+Mm9M1vXY/BwtuiNmReIrSFWOqZGgtzo2Z14bdhCcUeAuy7kF5qhjlmRY7s/TDnsk1BZ5+MwjYEb87LAfq1+jV4Fsdj4o04lJisM9vGtqD5EnzbwxYa5i8ZPavYlwPkK2T+zEsz9o9EWsCW9muHbisYInF3Z1ZWsCvN1iLiHGAmWOp89WQg0LnCJQ+uwy3Dnu7Apjl0+allpY93gyKh0RUIF0BLJhN2Qm5TwD5UCiOaSOBSm74DoizbcS3H9Jn31gw3uXl6FM6F8lcnZ47C6elTb2ZQoDEyPeULhbk0mZg26lPwQocUDcVC04oRBDQ6S90gEBFUgHEBt2Qbrro3MLTdAgb6tlycu6G/z3L7PFoTn5ix6TCetmlQK7Gzx1OJS9SHr4MMcc6LLzQDCrcBD5n1VU8p3HWGaz4XzMXgYTDmp5Sy1NieV1sMV1lgA2dhqYGZX+EuB8ihc1kpCSIgWhTvnL+zvkYY1MBbK5+Xp/mkMemJHkeNrgyjkrmLPwXS+FA1qUDiYqMqXWgqJ4Q5q6iDYmgGqZ7Ftt6/EC40CRN7LD0nzWh1oitbcNrq78OJPdFVPf1QvzEdHUZDhFGb+ngwqMHMTi0YPywKmhFhQtTDFHcTj7Xt9cly2tXn7+/Ky3Xg9utMWddoK+CmT7qWOH5YCcHQhRsuSw4i1oNs9PPRLiAjCFYHcnbQVeWLMRyCgf3oBfltG3qz7FQ7M6XJ0Wnq0+f9uEoBzY+Vwqq83Nxj+sOgYUIEGWywTlRCwAiQVRxnjDzZZcrftgh4HSHmIdimUcpvY5rvFUNsQ0iXAOeKEVapRMjddKz6sCWQnXyhejCCj21ERIiU3+n+vnToMf2lK+kYrl3cX5SZN+F12DNxEBWoyPnQjuw9Ry6FJQhuwg+MHmhxtTWpmmu+m98JzBbo39mj5nBSVCuVRSWZSC2Q5PKRQ2xYqayDMzNge3T2X4BMgfxosABbFqMxYH631MIjk42iqQ7Z0yftg46F4m/JAzF7P1nzFJ4epLZDoH612nrKDGCFt8hIyupVvxsjGXnxPgxdkM6cP5chI4x3/z1t9EeOMnMp9kksTIIJjnUBwc9JemOXZjmJxIBcN9ZwUPN1ylibd4fCquZWPAXMVujvniYFwZFwF2/rsXj8TLBOtEWZOACmRNgA2aY6fnDRz/f/zQZ4XDbN6MyhTc2Ns5/CPB4k8a3KPtJbdNxUT7I6tzh/s27Aj31ofkm/3sTmmrLlCAxEVgguNAGtPeOn7585wQGj7C6ZfhQUUf1J9nHpRxEiCFfbkDZTdCkSxlTQIqkDUBLmlOpTfeaIkyZgHX+a9oxmfsPHhzR7iGWuccoHNouwnhx79+E8NEtsj7iLGQXgWlQTwE19URwFuNEwVBjROeB8WxHV5L+6X5Cq+zZQJ/vKgI7CMCnFiNpvW6l/Xt5/0lwHewLNHLeYip4DuYLxVIBxC36IJdBD+6mKDKUrUEM2E6ojQogtnmgPT42eQPGucS9Zs3CgwPr1kfeTyTnlDtGNitLBP64FkxIZHTCzPSpgRl+Og8KC/viWKkkh3eN5gylOkRYEfPWVwtrGlLQXewDlQgHUBc0AVBaGyTMdvgIkotabLwEqR2r2yDbR+7+1PnFJPavpGd1TPjKoMJibrGPRYhwJFEj+Wb26IxoTQwBWGu26TSmB0P6xnlhccb0fekxEeRmWdqE6upv/fAdb6so2NphI7mSgXSEcg53RyRrrEcTHNAfd0qzgAPKlwIEdKYEA2+zhnAuqPnzKNOl8I46jMa3uYx8Wy1PvBsIQL7rXmWsO5YbC+B7SJQB/HW/ePxyMuTsiYBFciaABc050D821WQ23kz+R6J9w7Ja/H4wZyCa2nXbrOrPk2pQOrAvdm8XGWfRM9jlqO+AmnHFQkMhcCsadjfvg5mTogdQJzTBaYfynFyYIsiqYvh4JpKLWcCBPsgs1v7RWPCawrFgZmqDxHrfWDnGIZFANMsO5FaCGQ9YViP0L/RqkC6nxMKCPE2T4Q1Lrh1FDmKZJ8izqH7O6/e4+zWfl4Pz26ZsHH10dhCAttHYHZnjbcjf1PWIKACWQPegqbUb+ZQvBTiOR7RwyC1u2Wah0UU/JJ1vz7scWcIUIMHN/laPAfpYB5UIB1ALLrgzINsunWMBN4/5JkizcaJ3d6qk97mpZJn94QDAIfkfMkUCYyBAB6QvMjVqXA4RHd9rzmzKpA1ARbNSY5IPAeZY2uhrCa7kT7XtsYzjBolBPs90i9VdwvCnnpHgFxsmG1Z6yqPDqZHBdIBxOwCz6T6sJycTvwYE4cwBOFL5RdqCDPlGCXQIwIqkG4mgyy6JO5DcBckKeJru+naXiQgAQn0k4AKZP15uWuVEv11RTfLckqtf0d7kIAEJNADAiqQ9SaBgzkitusqgZx1UH+CzLaKBCQggVETUIG0n14SIZJnqUzShgcTdTAIGFQkIAEJjJqACqT99D6jChR8bDbHXZfiSSQm3Kt9l7aUgAQkMBwCKpB2c0U69r/Lpuw2zhURlEClcBTpSxQJSEACoyegAll9iilcRKEk6m0j36oy2l4mixNRz7zPMR+rP60tJCABCSwgoAJZfWmQDJH07Aj5rXaLiNPy8FzX3dV52kICEhgoARXIahNXZq+lUBS1tKmCR2rzPav6H99frTuvloAEJDBcAiqQ5nNHDh1SlZDvinMPKglSEIq/U2Xwcc278koJSEACwyegAmk2h6RmJ97jsnn5x6o07aQ5PypriFMvnL8pEpCABCZDQAXSbKqfXuwwvhsRd64Oy58QESgOam+XhWqa9ehVEpCABAZOQAWyfAKvGBFfKFx1URxvioivZ8Go/SPiZcu78QoJSEAC4yKgAlk+n2WWXRQHNTQ483hUKhZ2Id9Z3o1XSEACEhgXARXI1vNJbY/j8hICBe+Yac/xtuJchEJR1PxQJCABCUyOgApk6yl/abW7uH9eQjlMMu/eu4r9eHHGgOxdKZVjJ7dqfGAJSEACEaECWbwMyLTLOQduuz/KYlFvT2+rG+ZOhLKYigQkIIFJElCBLJ729xaZdtl93CHL1VIO86cRcbuIOHqSq8aHloAEJOAOZOEaeFhEHF58+oD0tDokI8+/GBF7VFUIf+YqkoAEJDBVAu5Azj7zxHSw+6DeB3JS1vg4uapzfmoenuOFVadyn+ra8bklIIGJE1CB7LoA4MHu4irFnzlEf3kepnOojtwzInDvVSQgAQlMloAKZNep3y89rOq/fqLajdyoctX9VUR8Js1WpCy5iWnbJ/ud8cElIIEkoALZdSlwQH7N/NMpEXG3iHhPFQtyp+oA/Y2pSPatEii+3hUkAQlIYOoEVCBnrYCrpvmq/gs7DVK0s/tgJ0KxKKoN3joifjz1hePzS0ACElCBnLUGnjQTVf6c9LhCYbw7i0bdIyLe4LKRgAQkIAEDCcs1cHyRrp2/E/fxloj4bERcKyI+UmXeJXCQQlKKBCQggckTcAdyxhK4QWWa+nixGjBRXTTTlrww/37fiDhy8itGABKQgASSgArkDBBHVOVoH1qsikOr/8ak9dWIuFhWIrxZpm938UhAAhKQgJHoZ66BEyLiEvl/v6zyXd0qU5UckO66JFHEC0uRgAQkIAF3ILusATytStmrivX4QP7hxIigqBQJFRUJSEACElCBbKlADi48sjgDebArRgISkIAEdiXgGcgZPKgoeMlEQ32P82T+K/5+aReNBCQgAQmcnYAK5AwmpQnru1U6k90S1dOq+I+DXDgSkIAEJKACWbQGXhARD5nzIWVrKWWrSEACEpDADAF3IGcAIYX7URFxwYIP5yC48ioSkIAEJDCHgArkLChlKhPyYN3YFSMBCUhAAosJqEB2ZfOY/F8KRikSkIAEJLAFARWIy0MCEpCABFoRUIG0wmYjCUhAAhJQgbgGJCABCUigFQEVSCtsNpKABCQgARWIa0ACEpCABFoRUIG0wmYjCUhAAhJQgbgGJCABCUigFQEVSCtsNpKABCQgARWIa0ACEpCABFoRUIG0wmYjCUhAAhJQgbgGJCABCUigFQEVSCtsNpKABCQgARWIa0ACEpCABFoRUIG0wmYjCUhAAhJQgbgGJCABCUigFQEVSCtsNpKABCQgARWIa0ACEpCABFoRUIG0wmYjCUhAAhJQgbgGJCABCUigFQEVSCtsNpKABCQgARWIa0ACEpCABFoRUIG0wmYjCUhAAhJQgbgGJCABCUigFQEVSCtsNpKABCQgARWIa0ACEpCABFoRUIG0wmYjCUhAAhJQgbgGJCABCUigFQEVSCtsNpKABCQgARWIa0ACEpCABFoRUIG0wmYjCUhAAhJQgbgGJCABCUigFQEVSCtsNpKABCQggf8HaPs28cNJGsgAAAAASUVORK5CYII=', 1),
('ACTA-062425-1', 10, '2025-06-20', 'prueba 3', 'Virtual', '1. Diligenciamiento Formato programación ', '5268714', '5268714', '16:00', '17:14', 2, 'firmado', '', 1),
('ACTA-070825-1', 1, '2025-07-07', 'Comite Mensual 07/07/2025', 'virtual', 'Luminarias led instaladas en el corregimiento de la Victoria por terceros sin autorización de parte de la concesión.,Recepción de proyectos particulares: Laureles,Recepción de proyectos particulares,Reposición de Luminarias Led en falla,Gran Plaza,Respuesta de informe enviado por la interventoría del cambio de tecnología ,Respuesta a las PQR´s pendientes desde el 2020.,Usuarios no regulados,Pago mensual interventoría ,Enlace de PQR´s en la pagina de la alcaldía. ,Conciliación de inventario CEDENAR-UTAPI,Parque San Felipe \"La Pola\",Daño en los apoyos (postes) por terceros.,Pago de las facturas de ASC,Proyecto de modernización Corredor Turístico,Plan Anual 2025,Acta de reunión,Comunicado de reclamación CEDENAR,Hurto de cable en la Avenida Rumichaca,Lista de chequeo situación sin fondos,Estudio Técnico de referencia,Facturas de medida,Disposición final de las luminarias,Instalación de parque OBANDO frente al hospital ,Recepción de proyectos particulares: Urbanización Senderos de Luz,Reunión con la Fiducia,SIAP', '87218564', '87218564', '16:00', '17:00', 9, 'Pendiente', '', 1),
('ACTA-110824-1', 7, '2024-11-08', 'Cuadro de seguimiento de actividades.', 'Virtual', 'Diligenciamiento cuadro de seguimiento actividades ,Arreglo de cuadro de actividades desde el mes de noviembre 2024 con los parámetros y casillas implementadas ,Agregar la información de los oficios de solicitud de modernización especificando en subcategoría cuando esta sea fallida por falta de recursos para modernización,Especificar las dudas que se tengan al respecto para ser resueltas por la interventoría y continuar con el diligenciamiento y parametrización de la información.', '5268714,1085897347', '5268714', '09:30', '10:15', 4, 'firmado', '', 1),
('ACTA-120424-1', 2, '2024-12-03', 'Verificación de materiales segunda fase', 'Ipiales', 'Verificación en campo de materiales instalados en la segunda fase que comprende desde la calle 34 hasta el patinodromo ,Impresión de listado de materiales. ,Salida a terreno para inspección visual de materiales utilizados .', '1085897347', '1085897347', '02:00', '06:00', 3, 'firmado', 'firmado', 1),
('ACTA-121124-1', 2, '2024-12-03', 'Verificacion de materiales ll fase', 'Ipiales', 'Impresión de listado de materiales,Salida a terreno para inspección de materiales utilizados', '1085897347', '1085897347', '14:00', '18:00', 3, 'firmado', '', 1);

-- --------------------------------------------------------

--
-- Estructura de tabla para la tabla `contenido_acta`
--

CREATE TABLE `contenido_acta` (
  `id` int(11) NOT NULL,
  `empresa` varchar(255) DEFAULT NULL,
  `temario_code` varchar(255) DEFAULT NULL,
  `fecha` varchar(255) DEFAULT NULL,
  `responsable` varchar(255) DEFAULT NULL,
  `acta_ID` varchar(255) DEFAULT NULL,
  `intervenciones` varchar(255) DEFAULT NULL,
  `compromisos` varchar(255) DEFAULT NULL
) ENGINE=InnoDB DEFAULT CHARSET=utf8mb4 COLLATE=utf8mb4_unicode_ci;

--
-- Volcado de datos para la tabla `contenido_acta`
--

INSERT INTO `contenido_acta` (`id`, `empresa`, `temario_code`, `fecha`, `responsable`, `acta_ID`, `intervenciones`, `compromisos`) VALUES
(95, 'Vosin', 'Diligenciamiento cuadro de seguimiento actividades ', '2024-11-08', 'Licímaco Erazo ', 'ACTA-110824-1', '', ''),
(96, 'UTAPI', 'Arreglo de cuadro de actividades desde el mes de noviembre 2024 con los parámetros y casillas implementadas ', '2024-11-13', 'Mateo Hernández', 'ACTA-110824-1', NULL, NULL),
(97, 'UTAPI', 'Agregar la información de los oficios de solicitud de modernización especificando en subcategoría cuando esta sea fallida por falta de recursos para modernización', '2024-11-13', 'Mateo Hernández', 'ACTA-110824-1', NULL, NULL),
(98, 'VOSIN', 'Especificar las dudas que se tengan al respecto para ser resueltas por la interventoría y continuar con el diligenciamiento y parametrización de la información.', NULL, 'Licímaco Erazo', 'ACTA-110824-1', NULL, NULL),
(99, '', 'Verificación en campo de materiales instalados en la segunda fase que comprende desde la calle 34 hasta el patinodromo ', '', '', 'ACTA-120424-1', NULL, NULL),
(100, 'VOSIN', 'Impresión de listado de materiales. ', '2024-12-03', 'Carlos Hormaza ', 'ACTA-120424-1', NULL, NULL),
(101, 'VOSIN', 'Salida a terreno para inspección visual de materiales utilizados .', '2024-12-03', 'Carlos Hormaza', 'ACTA-120424-1', NULL, NULL),
(102, 'UTAPI', 'Impresión de listado de materiales', '2024-12-02', 'Nelly Rosero', 'ACTA-121124-1', NULL, NULL),
(103, 'VOSIN', 'Salida a terreno para inspección de materiales utilizados', '2024-12-02', 'Carlos Hormaza', 'ACTA-121124-1', NULL, NULL),
(108, 'Alcaldia', 'Luminarias led instaladas en el corregimiento de la Victoria por terceros sin autorización de parte de la concesión.', '2024-12-26', 'Dr Diego Morales', 'ACTA-011025-1', 'UTAPI solicita a la Alcaldía se especifique la situación del proyecto. Y con esa información tomar decisiones para recibir esta infraestructura\n', 'El Dr Diego Morales se compromete a verificar el tipo de contrato con el área de contratación de la alcaldía.  '),
(109, '', 'Recepción de proyectos particulares: Laureles', NULL, NULL, 'ACTA-011025-1', 'Validar con la Alcaldía su implementación', 'En seguimiento '),
(110, 'Vosin-Utapi', 'Recepción de proyectos particulares', '2024-12-16', 'Ing. Nelly', 'ACTA-011025-1', 'La interventoría notifica que se tienen luminarias tipo Led en falla ', 'Verificar en conjunto las luminarias en falla para que UTAPI realice el cambio '),
(111, 'Vosin-Utapi', 'Reposición de Luminarias Led en falla ', NULL, NULL, 'ACTA-011025-1', 'Cierre de actividad.  ', 'Pendiente suscripción de acta'),
(112, 'UTAPI', 'Gran Plaza', '2024-11-15', 'Ing. Nelly', 'ACTA-011025-1', 'Pendiente Acta de la visita. Se debe hacer la reubicación conforme el informe de Modernización', 'UTAPI emitirá comunicado formal hacia la interventoría con los puntos propuestos.'),
(113, 'UTAPI', ' Respuesta de informe enviado por la interventoría del cambio de tecnología ', NULL, NULL, 'ACTA-011025-1', 'Interventoría solicita que esta información sea enviada periódicamente. ', 'UTAPI se compromete a enviar archivo en Excel con la información '),
(114, 'Vosin-Utapi-Alcaldía', 'Respuesta a las PQR´s pendientes desde el 2020.', NULL, NULL, 'ACTA-011025-1', 'Se continuara con las reuniones de seguimiento mensual ', 'En seguimiento '),
(115, 'UTAPI', ' Usuarios no regulados', '', 'Ing. Víctor Veloza ', 'ACTA-011025-1', 'La interventoría solicita una reunión con la fiducia para solicitar dar mayor celeridad a los pagos. ', 'UTAPI se compromete a programar reunión con la Fiducia.'),
(116, 'UTAPI', ' Pago mensual interventoría ', '', '', 'ACTA-011025-1', 'La interventoría solicita reunión para verificar información que se digita en la plataforma ', 'UTAPI se compromete a programar reunión para la verificación.'),
(117, 'VOSIN-UTAPI', 'Enlace de PQR´s en la pagina de la alcaldía. ', '', '', 'ACTA-011025-1', 'Esta actividad se debe realizar de manera periódica ', 'Verificar mensualmente'),
(118, 'VOSIN-UTAPI', ' Conciliación de inventario CEDENAR-UTAPI', '', '', 'ACTA-011025-1', 'Esta actividad se debe realizar de manera periódica ', 'Verificar mensualmente'),
(119, '', 'Parque San Felipe \"La Pola\"', '', '', 'ACTA-011025-1', 'Cerrada', 'Cerrada'),
(120, 'Alcaldía-UTAPI', 'Daño en los apoyos (postes) por terceros.', '2024-12-30', 'Doc Diego Morales ', 'ACTA-011025-1', 'Es necesario establecer una metodología para que esta infraestructura sea repuesta por las personas que ocasionaron el daño ', 'Reunión con la alcaldía y transito municipal para determinar como se va a realizar la recuperación de la infraestructura averiada '),
(121, 'Alcaldía-UTAPI', 'Pago de las facturas de ASC', '2024-12-30', 'Doc Diego Morales ', 'ACTA-011025-1', 'Es necesario establecer una metodología para que esta infraestructura sea repuesta por las personas que ocasionaron el daño ', 'Reunión con la alcaldía y transito municipal para determinar como se va a realizar la recuperación de la infraestructura averiada '),
(122, 'UTAPI', 'Proyecto de modernización Corredor Turistico', '2024-12-30', 'Ing. Víctor Veloza ', 'ACTA-011025-1', 'Se solicita reunión con la fiducia para mejorar tiempos de pago por concepto de energía.', 'UTAPI se compromete a programar reunión para hablar referente a los pagos por concepto de consumo de energía '),
(123, 'VOSIN', 'Plan Anual 2024', '2024-12-20', 'Carlos hormaza', 'ACTA-011025-1', 'Pendiente verificar valores UCAPS', 'La interventoría debe realizar verificación de los presupuestos y cantidades ofertadas vs lo instalado'),
(124, 'UTAPI', 'Comunicado de reclamación CEDENAR', '2024-11-22', 'Ing. Víctor Veloza ', 'ACTA-011025-1', 'Se solicita a UTAPI la entrega del plan Anual 2024', 'UTAPI se compromete realizar la entrega del plan anual 2024'),
(125, 'UTAPI', 'Hurto de cable en la Avenida Rumichaca', '', '', 'ACTA-011025-1', 'Seguimiento a respuesta ', 'UTAPI se compromete a estar pendiente a respuesta por parte de la Super'),
(126, 'UTAPI', 'Lista de chequeo situación sin fondos', '2024-11-10', 'UTAPI', 'ACTA-011025-1', 'Se solicita corrección a esta infraestructura ', 'UTAPI debe presupuestar y corregir la infraestructura '),
(127, 'UTAPI', 'Estudio Técnico de referencia', '', 'Ing. Víctor Veloza ', 'ACTA-011025-1', 'Se solicita realizar seguimiento ', 'Pendiente verificación '),
(128, '', 'Facturas de medida', '', '', 'ACTA-011025-1', 'Entregar de copia de facturas ', 'En seguimiento '),
(129, 'Alcaldía', 'Disposición final de las luminarias', '', 'Doc Diego Morales', 'ACTA-011025-1', 'UTAPI solicita la disposición final de las luminarias ', 'Determinar la manera como se va a realizar la disposición final de las luminarias'),
(130, 'UTAPI-VOSIN', 'Instalación de parque OBANDO frente al hospital', '2024-12-12', '', 'ACTA-011025-1', 'Verificar los proyectores entregados en donación, documentación y hacer levantamiento', 'Se deben programar visita a campo '),
(133, 'Alcaldía', 'Luminarias led instaladas en el corregimiento de la Victoria por terceros sin autorización de parte de la concesión. ', '2024-12-26', 'Diego Morales', 'ACTA-012325-1', ' UTAPI solicita a la Alcaldía se especifique la situación del proyecto. Y con esa información tomar decisiones para recibir esta infraestructura.\n\n\n', 'El Dr Diego Morales se compromete a verificar el tipo de contrato con el área de contratación de la alcaldía.  '),
(134, '', 'Recepción de proyectos particulares: Laureles ', '', '', 'ACTA-012325-1', 'En seguimiento ', 'El presidente de la Junta y el contratista aun no cumplen los compromisos. '),
(135, 'Alcaldía', 'Recepción de proyectos particulares ', NULL, 'Diego Morales', 'ACTA-012325-1', 'Validar con la Alcaldía su implementación', 'Pendiente que se informe a las dependencias y a los contratistas para que se cumpla.'),
(136, 'Alcaldía', 'Reposición de Luminarias Led en falla  ', '', 'Diego Morales', 'ACTA-012325-1', 'Validar con la Alcaldía su implementación', 'Pendiente que se informe a las dependencias y a los contratistas para que se cumpla.'),
(137, 'VOSIN', 'prueba', '2025-05-06', '', 'ACTA-052625-1', 'verificar', 'Funcionamiento '),
(138, 'VOSIN', '1. Diligenciamiento Formato programación ', '2025-06-24', 'Carlos hormaza', 'ACTA-062025-1', 'Licimaco especifica que existenten errores en diligenciamiento ', 'Samir y Carlos se comprometen a reunirse con Paola '),
(139, 'VOSIN', '2. Diligenciamiento acta VOSIN', '2025-06-25', 'Samir ', 'ACTA-062025-1', 'Licimaco explica como funciona ACTA  VOSIN', 'Diligenciar el acta de la anterior reunión con UTAPI'),
(141, 'VOSIN', '1. Diligenciamiento Formato programación ', '2025-06-25', 'Carlos hormaza', 'ACTA-062425-1', 'La interventoría manifiesta que se debe diligenciar en su totalidad el acta ', 'Reunión Samir y Carlos con Paola '),
(142, 'UTAPI', 'Luminarias led instaladas en el corregimiento de la Victoria por terceros sin autorización de parte de la concesión.', NULL, NULL, 'ACTA-070825-1', 'Cierre', ''),
(143, '', 'Recepción de proyectos particulares: Laureles', NULL, NULL, 'ACTA-070825-1', 'Cierre', ''),
(144, 'Utapi', 'Recepción de proyectos particulares', '2024-07-31', 'Utapi', 'ACTA-070825-1', 'Utapi tramitara firmas por parte del municipio en el próximo comité ', 'En seguimiento para el próximo comité. Pendiente del acta. UTAPI tramita firmas por pate del municipio'),
(145, 'Utapi', 'Reposición de Luminarias Led en falla', '2025-07-31', 'Utapi', 'ACTA-070825-1', 'En los ultimos recorridos se evidencian mas luminarias en fallo', 'debido a que en los últimos recorridos se evidencian mas luminarias en falla. UTAPI instalara luminaria provisional'),
(146, '', 'Gran Plaza', '2025-07-07', '', 'ACTA-070825-1', 'Cerrar', ''),
(147, '', 'Respuesta de informe enviado por la interventoría del cambio de tecnología ', '2025-07-07', '', 'ACTA-070825-1', 'Cierre', ''),
(148, '', 'Respuesta a las PQR´s pendientes desde el 2020.', '2025-07-07', '', 'ACTA-070825-1', 'Cierre', ''),
(149, '', 'Usuarios no regulados', '2025-07-31', '', 'ACTA-070825-1', 'se solicito a Cedenar la base de datos de usuarios no regulados por medio de oficio con copia al señor Diego.', 'Reiterara las comunicaciones a las electrificadoras, como Derecho de Petición.'),
(150, '', 'Pago mensual interventoría ', NULL, NULL, 'ACTA-070825-1', 'Cierre', ''),
(151, '', 'Enlace de PQR´s en la pagina de la alcaldía. ', NULL, NULL, 'ACTA-070825-1', 'Cierre', ''),
(152, 'utapi', 'Conciliación de inventario CEDENAR-UTAPI', '2025-07-31', 'utapi', 'ACTA-070825-1', 'queda pendiente por temas de la electrificadora suministrar inventario', 'solicitud al alcalde actual Reunión con la electrificadora para solicitar dicha información. queda en seguimiento.'),
(153, '', 'Parque San Felipe \"La Pola\"', NULL, NULL, 'ACTA-070825-1', 'Cierre', ''),
(154, '', 'Daño en los apoyos (postes) por terceros.', NULL, NULL, 'ACTA-070825-1', 'Cierre', ''),
(155, '', 'Pago de las facturas de ASC', NULL, NULL, 'ACTA-070825-1', 'Cierre', ''),
(156, 'utapi', 'Proyecto de modernización Corredor Turístico', '2025-07-31', 'utapi', 'ACTA-070825-1', 'solo falta el dictamen final referente a la documentación de proyecto corredor turístico.', 'Se envia borrador de UTAPI. Para el próximo comité ya debe estar el definitivo'),
(157, '', 'Plan Anual 2025', '', '', 'ACTA-070825-1', 'Cierre', ''),
(158, '', 'Acta de reunión', '', '', 'ACTA-070825-1', 'Cierre', ''),
(159, '', 'Comunicado de reclamación CEDENAR', '', '', 'ACTA-070825-1', 'Cierre', ''),
(160, '', 'Hurto de cable en la Avenida Rumichaca', '', '', 'ACTA-070825-1', 'Cierre', ''),
(161, '', 'Lista de chequeo situación sin fondos', '', '', 'ACTA-070825-1', 'Cierre', ''),
(162, 'UTAPI', 'Estudio Técnico de referencia', '2025-07-31', '', 'ACTA-070825-1', 'pendiente por el municipio la contratación.', 'la acaldia para el mes de julio va atener la contratación en espera de las bases. '),
(163, '', 'Facturas de medida', '', '', 'ACTA-070825-1', 'Cierre', ''),
(164, 'utapi', 'Disposición final de las luminarias', '2025-07-31', 'utapi', 'ACTA-070825-1', 'plan martillo o venta de material reciclable (chatarrización)de lampara con esto el recurso se consignaría a la fiducia.   ', 'UTAPI reitera la solicitud ante la supervisión. '),
(165, '', 'Instalación de parque OBANDO frente al hospital ', '', '', 'ACTA-070825-1', 'Cierre', ''),
(166, '', 'Recepción de proyectos particulares: Urbanización Senderos de Luz', '', '', 'ACTA-070825-1', 'Cierre', ''),
(167, 'utapi', 'Reunión con la Fiducia', '2025-07-31', 'utapi', 'ACTA-070825-1', 'aun no se tiene documentos de este proyecto. ', 'se espera en el próximo comité la documentación de la urbanización senderos de luz.'),
(168, 'utapi', 'SIAP', '2025-07-31', 'utapi', 'ACTA-070825-1', 'cambio de fiducia con las mismas garantías, Utapi asume el doble pago la comisión fiduciaria.', 'Se informa sobre el cambio de fiducia. UTAPI informara la nueva cuenta para el tramite ante las comercializadoras.'),
(169, 'utapi', '27). SIAP', '2025-07-31', 'utapi', 'ACTA-070825-1', 'se trocaron imágenes de otro contrato en el sistema ', 'Revisar codigos A5774 A2677 A5859 los cuales son de Boyacá.'),
(170, '', '[\"Luminarias led instaladas en el corregimiento de la Victoria por terceros sin autorización de parte de la concesión.\"', '', '', 'ACTA-070825-1', 'Cierre', 'Ninguno'),
(171, '', '\"Recepción de proyectos particulares: Laureles\"', '', '', 'ACTA-070825-1', 'Cierre', 'Ninguno'),
(172, 'Utapi', '\"Recepción de proyectos particulares\"', '2025-07-31', 'Utapi', 'ACTA-070825-1', 'Utapi tramitara firmas por parte del municipio en el próximo comité.', 'En seguimiento para el próximo comité. Pendiente del acta. UTAPI tramita firmas por parte del municipio'),
(173, 'Utapi', '\"Reposición de Luminarias Led en falla\"', '2025-07-31', 'Utapi', 'ACTA-070825-1', 'En los últimos recorridos se evidencian mas luminarias en fallo. ', 'Interventoria actualiza el informe, debido a que en los últimos recorridos se evidencian mas luminarias en falla. UTAPI instalara luminaria provisiona'),
(174, '', '\"Gran Plaza\"', '', '', 'ACTA-070825-1', 'Cierre', 'Ninguno'),
(175, '', '\"Respuesta de informe enviado por la interventoría del cambio de tecnología \"', '', '', 'ACTA-070825-1', 'Cierre', 'Ninguno'),
(176, '', '\"Respuesta a las PQR´s pendientes desde el 2020.\"', '', '', 'ACTA-070825-1', 'Cierre', 'Ninguno'),
(177, 'Utapi', '\"Usuarios no regulados\"', '2025-07-31', 'Utapi', 'ACTA-070825-1', 'Se solicita  a Cedenar la base de usuarios no regulados por medio de oficio con copia a el Dr. Diego.', 'Reiterara las comunicaciones a las electrificadoras, como Derecho de Petición.'),
(178, '', '\"Pago mensual interventoría \"', '', '', 'ACTA-070825-1', 'Cierre', 'Ninguno'),
(179, '', '\"Enlace de PQR´s en la pagina de la alcaldía. \"', '', '', 'ACTA-070825-1', 'Cierre', 'Ninguno'),
(180, 'Utapi', '\"Conciliación de inventario CEDENAR-UTAPI\"', '2025-07-31', 'Utapi', 'ACTA-070825-1', 'Actualmente no se a podido acceder al inventario por temas propios de la electrificadora.', 'Queda pendiente por temas de la Electrificadora suministrar inventario.'),
(181, '', '\"Parque San Felipe \\\"La Pola\\\"\"', '', '', 'ACTA-070825-1', 'Cierre', 'Ninguno'),
(182, '', '\"Daño en los apoyos (postes) por terceros.\"', '', '', 'ACTA-070825-1', 'Cierre', 'Ninguno'),
(183, '', '\"Pago de las facturas de ASC\"', '', '', 'ACTA-070825-1', 'Cierre', 'Ninguna'),
(184, 'Utapi', '\"Proyecto de modernización Corredor Turístico\"', '2025-07-31', 'Utapi', 'ACTA-070825-1', 'Falta el dictamen final referente a la documentación del proyecto Corredor Turístico.', 'Se envia borrador de UTAPI. Para el próximo comité ya debe estar el definitivo'),
(185, '', '\"Plan Anual 2025\"', '', '', 'ACTA-070825-1', 'Cierre', 'Ninguno'),
(186, '', '\"Acta de reunión\"', '', '', 'ACTA-070825-1', 'Cierre', 'Ninguno'),
(187, '', '\"Comunicado de reclamación CEDENAR\"', '', '', 'ACTA-070825-1', 'Cierre', 'Ninguno'),
(188, '', '\"Hurto de cable en la Avenida Rumichaca\"', '', '', 'ACTA-070825-1', 'Cierre', 'Ninguno'),
(189, '', '\"Lista de chequeo situación sin fondos\"', '', '', 'ACTA-070825-1', 'Cierre', 'Ninguno'),
(190, 'Utapi', '\"Estudio Técnico de referencia\"', '2025-07-31', 'Alcaldia', 'ACTA-070825-1', 'En intervenciones anteriores la Alcaldía informo que ya se está gestionando él, tema de contratación para el estudio técnico.', 'Por parte de la Alcaldía esta pendiente la contratación '),
(191, '', '\"Facturas de medida\"', '', '', 'ACTA-070825-1', 'Cierre', 'Ninguno'),
(192, 'Utapi', '\"Disposición final de las luminarias\"', '20252-07-31', 'Utapi', 'ACTA-070825-1', 'Plan martillo o venta de material para chatarrización  el recurso se consignara a la fiducia.  ', 'UTAPI reitera la solicitud ante la supervisión.'),
(193, '', '\"Instalación de parque OBANDO frente al hospital \"', '', '', 'ACTA-070825-1', 'Cierre', 'Ninguno'),
(194, '', '\"Recepción de proyectos particulares: Urbanización Senderos de Luz\"', '', '', 'ACTA-070825-1', 'Cierre', 'Ninguno'),
(195, 'Utapi', '\"Reunión con la Fiducia\"', '2025-07-31', 'Utapi', 'ACTA-070825-1', 'Cambio de Fiducia con las mismas garantías, Utapi asume el doble pago de la comisión fiduciaria.', 'Se informa sobre el cambio de fiducia. UTAPI informara la nueva cuenta para el tramite ante las comercializadoras.'),
(196, 'Utapi', '\"Recepción de proyectos particulares: Urbanización Senderos de Luz\"', '2025-07-31', 'Utapi', 'ACTA-070825-1', 'Aun no se tiene documentación de este proyecto', 'pendiente recolección de dicha información .'),
(197, 'Utapi', '\"SIAP\"]', '2025-07-31', 'Utapi', 'ACTA-070825-1', 'Se trocaron imágenes de otros contratos en el sistema.', 'Revisar codigos A5774 A2677 A5859'),
(198, 'Utapi', '\"SIAP\"]', '2025-07-31', 'Utapi', 'ACTA-070825-1', 'Se trocaron imágenes de otros contratos en el sistema.', 'Revisar codigos A5774 A2677 A5859');

-- --------------------------------------------------------

--
-- Estructura de tabla para la tabla `firmas_user`
--

CREATE TABLE `firmas_user` (
  `id` int(11) NOT NULL,
  `usuario` int(11) NOT NULL,
  `acta` varchar(255) NOT NULL,
  `firma` text NOT NULL
) ENGINE=InnoDB DEFAULT CHARSET=utf8mb4 COLLATE=utf8mb4_unicode_ci;

--
-- Volcado de datos para la tabla `firmas_user`
--

INSERT INTO `firmas_user` (`id`, `usuario`, `acta`, `firma`) VALUES
(129, 5268714, 'ACTA-110824-1', 'data:image/png;base64,iVBORw0KGgoAAAANSUhEUgAAAcIAAAC0CAYAAAAHFCwtAAAAAXNSR0IArs4c6QAAEolJREFUeF7t3d3R7rQVhmHTAakgUEGgAsJZzphUAKkAqABSAVBBSBk5IlQAqYB0EDpIttifgraR/2VZsq93htnDfLbW0r2W9Vi/fmvwQwABBBBA4MEE3npw3VUdAQQQQACBgRBKAgQQQACBRxMghI8Ov8ojgAACCBBCOYAAAggg8GgChPDR4Vd5BBBAAAFCKAcQQAABBB5NgBA+OvwqjwACCCBACOUAAggggMCjCRDCR4df5RFAAAEECKEcQAABBBB4NAFC+OjwqzwCxQh8+VJS/LdYwQpC4GwChPBswspH4P4Egvh98VLND4dh+Of9q6yGdyJACO8UTXVB4BoCfxyG4bsX09qUa2LA6gECkvYAPLcigMD/CQQxDD+9QUnRHQFC2F3IOIwAAgggUJIAISxJU1kIIIAAAt0RIITdhYzDCCCAAAIlCRDCkjSVhQACCCDQHQFC2F3IOIwAAgggUJIAISxJU1kIIIAAAt0RIITdhYzDCCCAAAIlCRDCkjSVhQACCCDQHQFC2F3IOIwAAgggUJIAISxJU1kIIIAAAt0RIITdhYzDCCCAAAIlCRDCkjSVhQACCCDQHQFC2F3IOIwAAgggUJIAISxJU1kIIIAAAt0RIITdhex0h8PndHxK53TMDCCAQCsECGErkbjGjyB64cvi8Vty0Ysfh2F4/xqXWEUAAQTqEiCEdXm3Yu2zYRg+HYbhnRmHQq/ww1Yc5gcCCCBwFgFCeBbZNsud6gFOefvXV3/4ss2q8AoBBBAoQ4AQluHYeilzAhh6fkHwwjXhvw9GlZEjrUeXfwggcIiARu4QvuZvnhPAfw/D8M0wDF+PavHdaM4wDI9aPNN8qDmIAAJ7CRDCveTavi/MAX6UWQQTe39zwvbDMAzvJdUjhG3HmncIIHCQACE8CLCx28N8XlgFOv6tEcB4z0+jRTSfZ3qNjVWbOwgggMB+AoRwP7uW7iwhgLE+hkZbiixfEEDgdAKE8HTEpxqYEsCw+CX0AvfM7Y2F0MrRU0OocAQQuJoAIbw6Avvs5wQwCFb4Hd3uQAj3xcRdCCDQKQFC2FfgzhTAqaFRPcK+coS3CCCwkQAh3Ajsosu/HYbh45HtI8Ofc9UwR3hRkJlFAIFrCBDCa7ivtTrVAzw6/EkI10bAdQggcHsChLDNEOcE8O/DMHxSwd1xj1COVIDOBAIIXEdAI3cd+5zlIIDhiLP0axBnDYFO1fy/yR8cvN1WfvAGAQROIEAIT4C6s8grhkHHrgYBDj3C+HOqzM5gug0BBPohQAivj1ULAhgphKPZvkqQyI/r8+MqD+Ih7OHfkKN79qRe5Tu7CGwioKHbhKvoxePeVyj86q0K6fxgOJT73aI1VlgPBOYOaThzkVYPbPh4UwKE8JrAhrfr9HNH4f+/f3nzvsaj11ZTITQsemUk6tsOL2Z/W/hY8xkvasFuOOQ9/BdevvaeiFSfGIu3IUAI64aypWHQcc3ND9bNhRasxeHPqYPa38kIY4k2Y80HokudlNQCZz40TqBEUjdexSbcywlg7AG2MveSCqHVok2kzWlOLH2n8i/JnOA4d4/2Csfbc5YqedTeUvn+jsBACM9Ngp7mW9IGihCemxdXlT4lgPEzXcGv3ItZiS01uTnxlMPPrz739fYEGPl4VcY8xC4hPC/QLQ+D5mqdNnbmB8/LiytKzglgnJdeMyd3RAjnxDeMiuTs554di7euyJyH2CSE5QPdmwAGAoZFy+dBCyXmRCgISjr0ucbPVAjD9UvtxtIc4Jrhzh6fozUsXdMggaWEbtDlZl3KnQqz5cvwV1YsHRZd00jN+RpPxWll7vNKrlfYXuqBbd0CkRvSnGo3lgQw8NhyVGBODI1WXJFVN7dJCMsEuOe31xKrRXMLII4KapnIPKeUORE6EotcbMftxpqtF3tfCsfPlvnC5+R0tZoSwmOoxyexhNKONDrHvNl395FFMks9APm1LyZb7sqNRIT79wrP2PZ4WDTN76X4l/LDx6K3ZIRrNxPQUG1G9ssNuQagx31PR3qDuTf1yCZS7e2lYF821L9rToBKCWCMZXr2bHzRi4dBpIfDjymc7Ye2q37e3daiZNoW2qkGqNcGf8/c4NK8zfjvd8qxccNfex60lgDGp2Jq+8/cU3PWszD2xVzhtrbL1TME7tRInRnouQao1wdy3BtcyoXcKSRTn4hKh9POahjPjHfasw31Dj2g3CkrNYbCI/ePJ44/K9nzGjPNDf1Pca8xd3dkGP/sfFF+xwSWGr+Oq1bE9aU38CCCvf7SRmVpJd/W00V6bbDWzHlNxfvHYRjeL5QMsecZjj7LDT+eKX5pFZY2wYdra/kSbPlodKEEU8ybBAjhdEbMDQv12suJtV27bzAngGs2YPckhIFFOPD5ownRiczC/rvwi//mBOpIXkQRTnuj4+wMp6/8ufInkcaLZeJw8NRm+DPb2K2jGGf6ouwbESCEvw3mUq/gSGPXSuqs+crE1l5gWre08WzxRJA50YkNfVz8FHs9udgdYRQFLx54PbfwJFx7Zd7F7xHWnhPNMXcCUiutyI38IIRvBnNpKKjX+cC54a6lPWFbG+Axw9CL+d3Fz8zSUGPs6W09cSXcNz5+LM6bTlU5zLst9T7Te7fyvxj16eZ/SuZKsTkd9zMMEMJf4zw3FFpjIUCtjJtbKXq0hxPqMJ7HuYrdmqHGEvNbubzJPVdLIw1p/Ev4VSufattJeV+VW7XrzN7JBAhhfk/gXd/Ip+YGx4303oUfuR51rRxb0+uLw5xx2LPEUN/SFoNgY2nYM+YbAVxu8MwTLjNyxUYCtRqpjW5Vu/zbYRjCsvTc746NUm5ucPyGvTS0Nxec2ieArF3ocnYsl4bU55id7Vu1h6mioTtsz6mIi6klAk8WwqcMhcYcyAleujy/xHzLWAhLz6mmvb5Qr6meVhSX2ANceg5K/H28unKuzLCA6JtX39/7uoThB5aR5nKJvH0gQlVOCTxVCO+8NSKX4eMeS9g3GHvCJXskJeYYU4GLm9nnRK+VYcWlIdIoykd63Fqv1wTufHqRGF9A4IlCONVg7flO2wUh22Uy7amFeoZTUsKv9Nv0mO3SRv1YmTULW3IVLyniu8CObpqbCywxH1nCx7uUkfbAn9iO3SWOTdTjSQk0t2qvtCA0EdwXJ3LCf5aAhHLjgcwpg3RxShSLcN3aRSRjnmf531Lc+DJPgBDKkGIEniKEU73AOwtgbggpDs+ddTTcDy+ntBRL0KSgK+b9zqiHMssQsLG+DEelvBoae4IQ9vzR3CNJmlvJWHrxyti/I6sn07LGp7sYVjySCfe8d83pSPesuVoVJ3B3IXzyl9P/82pV4tsvGRP2BX5e8YzKIIhxocvS8GeYswynzwT/Yo+1eKIr8HYE9nxC7HYQVKgMgbsKYW5/4N2HQdOMSEUwHI68JEZlsmm6lPgV9XhFyQ3tZ/uu/DYJpM/42kVZbdaEV5cTuKMQPlkEx8PA/xiG4U+XZxkHEChPwF7C8kwfW+IdhfCph/KW2sP32IdBxbsikM5HP2m0p6sg9eLsHYUwnO7/6TAMYUjwk14CccDP3LYQDcMBoG7tgoAeYRdh6sPJOwphH+TLeDm1R/Cs7RFlvFYKAscJ6BEeZ6iEFwKEsN9UIIL9xo7nxwkQwuMMlUAIu82Bqb16vs3WbUg5voPA1CfFdhTllqcT0CPsKwOmTsghgn3FkbfHCRDC4wyVoEfYXQ6kIpgenE0EuwslhwsQMDRaAKIiXhPQI+wjE9JTNMJq2PRg67OPTeuDEC+fRoAQPi3iJ9aXEJ4It0DR4/lAPcECUBVxCwK2T9wijG1UghC2EYecF0/7eHC7keBZiwTS58OoSIsR6sgnQthmsKbmA4O3Nsu3GTNe1SXg6xN1ed/aGiFsL7ypCKbzgbW/INEeGR4h8CuBVAi1YzLjEAEJdAhf8ZunFsX4Intx1ArsnEB6prB2rPNgXu2+BLo6Aq/tjxfFpD1B2yPaiBEv2iIQv1AfFpC925ZrvOmNACG8PmLjRTHh22ofv7hFBK+PDw/aI2AzfXsx6dojQnhd+OJX3L94cSG82QYRjP9PBK+LDcttE7CHsO34dOcdIbwmZLlvB4ZN8vFL8laGXhMXVvsgkAqhrRN9xKxpLwlh/fDMDYUGb4hg/Ziw2BcBWyf6ilfz3hLCeiHKfTUinQ8kgvViwVLfBGyd6Dt+zXlPCOuEJHdKzPjMUD3BOrFgpX8CccWoefT+Y9lEDQjh+WHIieC/hmH4Q2LaPMf5cWDhHgSsGL1HHJuqBSE8NxxLPUEb5c/lr/T7EbBQ5n4xvbxGhPC8EKTzGNFKOicYhkbjKtHzvFAyAvciYKHMveLZRG0IYfkw5BbFBCvhrND3XsyZDyzPXYnPIOBotWfEuWotCWFZ3ESwLE+lIZASSJ8vR6vJjWIECGExlL85LzRXsp5gOd5Keh4B84PPi3mVGhPCMphzi2LSr8kHK1aGlmGtlOcSsH/wubE/teaE8Dje3HAoETzOVQkIjAnYPygnTiFACI9hzfUEfx6G4e2XYm34PcbX3QhEAvYPyoXTCBDC/WiXhkPNB+5n604ExgTS582zJT+KEiCE+3B+NgzDVzO3elD3cXUXAlME0m0T5tvlSVEChHA7zqktErEkIridqTsQmCMwfua0W/KlKAEJtR1n7sQYIridozsQWEsgfebsH1xLzXWrCRDC1ah+uTCuWsvdZbhmG0tXI7CWQPrcec7WUnPdagKEcDWqYaonaGXoeoauRGAPAUK4h5p7VhMghOtQTYmg+cB1/FyFwBECqRCGg+s/OVKYexEYEyCEyzlBBJcZuQKBMwmkQmiO8EzSDy2bEM4HPrdXMNyhJ/jQB0a1LyGQbp3w/F0SgnsbJYTT8SWC9859teuHQG7LkkUz/cSveU8JYT5ERLD51OXgwwjknkkjMw9LgrOqSwh/Szb3wIWP6n7+6ovyYYWoHwIIXEMgN1/fghiGHmv4L7QP2ohrcuOQVUL4Jr7cEIztEYdSzM0IFCUwtXjtitWkob344kUEQyW1FUVDXa8wQvgm6/FDJrHr5SJLCKwlMDV1Ee6v0UOMPcAggumvhu21jFy3gQAh/BXWt8MwfDxiZ0J+QzK5FIGKBObE8CxBHPcA0+p6aa4Y/NKmCOFromMRtFepdKYpD4FzCAQB+mCh6PA8f/9qI374N87hrZnLC8IXfmEDf7DxzoQdL8znxLZaqYTwNWobdqulHEMInEJgqYe4xmgqjlEEp+4L14ah0DWCusa2ay4kQAjfFEI9wQuTkWkEChAoIYhzbhDAAkFqrQhC+GtE4vLn1mLEHwQQ2E4gLmiJw5m/T1Z3bi0tDq2GKRQ9wK30OrieEHYQJC4igEBRAnPDnvFvW+YSizqnsPoECGF95iwigAACCDREgBA2FAyuIIAAAgjUJ0AI6zNnEQEEEECgIQKEsKFgcAUBBBBAoD4BQlifOYsIIIAAAg0RIIQNBYMrCCCAAAL1CRDC+sxZRAABBBBoiAAhbCgYXEEAAQQQqE+AENZnziICCCCAQEMECGFDweAKAggggEB9AoSwPnMWEUAAAQQaIkAIGwoGVxBAAAEE6hMghPWZs4gAAggg0BABQthQMLiCAAIIIFCfACGsz5xFBBBAAIGGCBDChoLBFQQQQACB+gQIYX3mLCKAAAIINESAEDYUDK4ggAACCNQnQAjrM2cRAQQQQKAhAoSwoWBwBQEEEECgPgFCWJ85iwgggAACDREghA0FgysIIIAAAvUJEML6zFlEAAEEEGiIACFsKBhcQQABBBCoT4AQ1mfOIgIIIIBAQwQIYUPB4AoCCCCAQH0ChLA+cxYRQAABBBoiQAgbCgZXEEAAAQTqEyCE9ZmziAACCCDQEAFC2FAwuIIAAgggUJ8AIazPnEUEEEAAgYYIEMKGgsEVBBBAAIH6BAhhfeYsIoAAAgg0RIAQNhQMriCAAAII1CdACOszZxEBBBBAoCEChLChYHAFAQQQQKA+AUJYnzmLCCCAAAINESCEDQWDKwgggAAC9QkQwvrMWUQAAQQQaIgAIWwoGFxBAAEEEKhPgBDWZ84iAggggEBDBAhhQ8HgCgIIIIBAfQKEsD5zFhFAAAEEGiJACBsKBlcQQAABBOoTIIT1mbOIAAIIINAQAULYUDC4ggACCCBQnwAhrM+cRQQQQACBhggQwoaCwRUEEEAAgfoECGF95iwigAACCDREgBA2FAyuIIAAAgjUJ0AI6zNnEQEEEECgIQKEsKFgcAUBBBBAoD4BQlifOYsIIIAAAg0RIIQNBYMrCCCAAAL1CRDC+sxZRAABBBBoiMD/AHWButPach19AAAAAElFTkSuQmCC'),
(130, 1085897347, 'ACTA-110824-1', 'data:image/png;base64,iVBORw0KGgoAAAANSUhEUgAAAcIAAAC0CAYAAAAHFCwtAAAAAXNSR0IArs4c6QAAHCZJREFUeF7tncuxL0eRh5u9FsgCgQUjImbBDlix1GAByAKQBQILJCwQmCALAAs0HgxjAZoI9nBy7j9FUrequ97P70Tc0NU93dVVX2bVrzPr0d+7+IEABCAAAQgcTOB7B7edpkMAAhCAAAQuhBAngAAEIACBowkghEebn8ZDAAIQgABCiA9AAAIQgMDRBBDCo81P4yEAAQhAACHEByAAAQhA4GgCCOHR5qfxEIAABCCAEOIDEIAABCBwNAGE8Gjz03gIQAACEEAI8QEIQAACEDiaAEJ4tPlpPAQgAAEIIIT4AAQgAAEIHE0AITza/DQeAhCAAAQQQnwAAhCAAASOJoAQHm1+Gg8BCEAAAgghPgABCEAAAkcTQAiPNj+NhwAEIAABhBAfgAAEIACBowkghEebn8ZDAAIQgABCiA9AAAIQgMDRBBDCo81P4yEAAQhAACHEByAAAQhA4GgCCOHR5qfxEIAABCCAEOIDEIAABCBwNAGE8Gjz03gIQAACEEAI8QEIQAACEDiaAEJ4tPlpPAQgAAEIIIT4AAQgAAEIHE0AITza/DQeAhCAAAQQQnwAAhCAAASOJoAQHm3+Ixr/01crf/v2X/nz5yNaTSMhAIFoAghhNCouXJDAn96ET4VQq4/Pz2vI31zX9eW81aNmuxJgUNjVsme3S8RPRND387NDokKJfuVHIuAVomCp40+u6/r2uq4Pz3ZfWt+bAELoJy4D6a+u6/ro9WuNKqSz/sWk2nrbi+c9E/jDdV2/vLnsBJ+XyOoLw2D2Notof75QfZ+9kCuWIjB7B+kJU8ROO6ObTgvV448vwexZT54VJuCmQjUSsi8yEhHu/vO3txTj900jW0bBwrY04vyHqSt9anfvnLB9COG7OSQRwFjxc80og8AJg+uE7vtdlXw2/N3bbyXSsINsS0GYhY8vLRzbz20fkL9LqtL+5PQRVyQ1o6Ll/sBE8HKt2K1UWGexBfVYhEBsB1mkOcnVvJtLSi3sdJapvGpd79pQBtGvX4su3N+dYCPfAiH7oqZiZkUuR+Bq2S+mHBVGpiViaHFNMoETBoYQFHdewr3ur6+J+8/MG6oMGPJH5qDkTdb+aASSbARuKCJgB37XBvZ3u0XubvQmEEXc/vO6rg8SiAoXSaPKIhX5sRFbKDK7i9hcUfWJrNRTnvlxQj3dS3W+XhcFFRTFracTOFEI71KhmpoRv3hKz/iE9ESeI/uQtYHvRWT1tKiKiE1TpkZvInC/9/jzk3+3tqvvBcYn7irwd+1GFFtba/PyTxu4Q1GgRH+fRoif6w5uefI2nTpQbe5izZpnV4f6RHCllYjqMzGLtdw0oRW0rzyZihnnRXNtoxkZcSq7ytTNzMj/Eyk263r7FXySEIZEsDSlaaMO8ZCTmI7qEXbuL7TKcLa0qBvtSHpdXsB8L04qbuKb+hMTwbm+KPfOJoRuPyzpfyp2IVEU35AXphh2o3yZ505A4JRB27coptackW4EVnOWdOwJXGKJKuiA/99vC2N+5KmxO9j2EgObytSUnvw3lCVwBa9kwA4t/Jqtj9/N6ZY4n9hc5h59rOmTJWQPuHe2TtIK+f84KaNaIqj1JSpsZbn3y32aF/StIq29vSVl7s4ewqBCVyJ4IdK+1aK1/bzUyrkp0dTntsr+pNaD6xchcIIQup1C0lE/rGwf9xlsCq4M+FXckwjKZa4glESDruDdpTHl2TJH3FLs7qjOnhZ1X1B6RGm+lwNh2OPZbXoApTYhsLsQ9lzZ6Q5EJQNwE2NvUKgyDg1kJYOtLsTQ/XUh0RspdiEThtKiM/lgzEtMCxcNrRJn834L2ouWubsQ9hQn3xmXu/Pt6fZ2IA1xjVkgowJnT52xomdXZY6K7lK5uvPUcv9MadFeKdE7bqF06UwvC6l25/pKBHYeqGuuTovF7QovKZhYcvfXxUQTblQkByHIYpq7PXgrip6PlDsHPpsQ2n4xuk+ETt5pMW9bx/sppTmBXYVwhAiKsXzzNLsybu6c5gFPKVH3awu+uumilVWivFi+s6dFZ4gGXZZunWaKnmPtznUVCew6SI/qfL70y+g34IruMqQoX0rUzuf55vIkEpTzRncTPZ8BQgtCZujbo15IYxx15rrF1J9rKhKYobNUbM53RY1Kxayyl6sF81Zlqi1lkYr83RU+ET17ZuVpLx4zb5sY1Q9jfRExjCW1+XU7CqG7cKB3G4kKyzuNRnzu4ea+Deh2sD0txTVzWtQV6FlfUNx69h4vynsLJRQT2NHooz/y6RNCziC9d1UZ0CWq+yRwMkjoqKxRJ8gUd7xKBcyagVgp0irZclPJjBQzmsBuQug69aj2uYtmQkeBjbb/qOdretP3QWRd1KIfbA1FeQxg7x8eIPZscWBEip/4xHlUP4ytt7v1iS0VseQ2uW52B03F3Oocw9R6sKfwfWK6sVl+4+7b003qdgn700rRmD2DqXZb6fpZ06KrpERdW8ds0VnJP6hrAoGdhHCWaFDxn562U8ELRX0yZxTau6WDqXxL70OPP8P23cuEcHJ/RkYzbp1aRqf2ZUr3isoLlfhG7s/Ty1duudw3OYGdhHDGCGH2VXMt3NN3pJVd5PK0cdkOpr5BnZToO6vNuFq0xTmv+kJ1d/Sd+nHpghztry0FvEWfo8xCArsIoTs4jnwrtiaxkcvOKxpD4qff03sSP8tMB9MQrxlfeAq7Ydbtsx2y7fbBWH/XyO7uBCABZH3Invfq/i4L5usmhLCE3sL37iKEMw+OdsCaRaBruGxN8dP6pEaDO/FMscmMadGYaNAehKCRnm336CPvbBt2GRtT/OrYa3cxtnXg2QZHGxWuvo1C396/8nzf8W7OL7aDEQ3GkZotLeoKs6ySlrNe7Zfj3QVS0tKcjEEcobyrYg52zyuZu6YmsIMQ2k4Ym47pbRQbFa7EPLTSU9NRNcQvNhpkgcy/vNaXFh3l++IjXzin+/z9uq4PTDrTtyq4dx+MeR5CGENpw2tWGpRD+GfZMnHnHnrazSof7A19ssYeXJ0y7xfTdZ6iwRMXHvm4jU6L2j2gvvSmRoO1/SPGh0qvsX4/W2aptG3cf0NgByG0n6DBecvd3V3gUzPqC9XuaW5w5jngcuJpJfT85NKd6KnQfd+JBlfugwhhmi9uc/XqQmgHUJY8l7mlu/ildCl6Sm3uosFZVwSntK/mtS1Wiz6t3PSd8arRoN3LOCo9W4svqdFaJBcrZ3Uh5A2ujsON3Jv3ZEOiwX/ZuEZa9Cm1GRI9n6fFrBSt46F9SmHVaB/O0z1ldSGcebXodMa+qZAVo96RtUY4vmiCaPDfjZa6WjRG9OyevJR5vZEvT6361tM8davnUu5gAisL4QqrRQebN+nxIzb/p0SDPVO1SeA6XRwTDdp9er7tCrmiFxMNrjyWaPvuXso6mZnHjCCwsvMSDdb3mN4HD98NPCOEuT7ReiX6VvLKCk05j1V+XOGrKXpuK3aN1NUfV17wU8/jDippZSFcdW/e7O7lzsm1WjX6FA3ueiJPrv2/cVZnajkpc3q5z3bv23He9mnlci12lDMhgVWFkLRoO2cKpeBkwK15EkhsNHhaSvRpBae1/IjIZddokIUy7caU6UteVQhJi7Z1LXcrhfs0Scn93+vkkJzP3txFgye95LiLWXwpTvk3d6+e/NuorQorHGCR0ztYKJNDbZN7VhVCJrX7OOCTINpaaLQYI4x39tvtJccX4bmCZ9Oc7txezCKZPt7w/jcQVx0/fLyYH+zlRRM+Z0VHPilimMllUkRR6m3TqHZZfmw0uEpK1C5Skb/HfDfP/crC3baFnifJPPnbrtEg84NPlt/89ysKIUeqjXfKP1zX9ZGzUvGpVnpOqX6RwJfamzU9lRLV2ehO/i4RnqYy7X+feOnvW5wkE/ts97pdMzGcKJPrEZvct6IQameUZeMfbmKHlZsR2ruW0iYRxY9fc2FynxxOLhv75d+lfDdiStn47auHG8XZa2IiOitopUJ3x8m3ZaL3gQdav52jpllfwFL6ENcWEFhNCEmLFhi70601hLGkqq54WtFLKVcER/60FLqn+swUDe4sFswPPnni5r9fTQh3W0ixuXt91zyJbH58XdfPX/8S2giu4iOXyUpJ+SP/litmIb42onSFLid92cKOvmhw1ErRnaPBndvWwi+3LHM1IWQT/bpuqC8xbmpPB/zUQT5HHEtTqr3oz7RSVNosc8K/HLhloyX3nSPdlty2KnslISQtuq7rhWzH27jfpqEPI4/qr/oC+tlblP7lum7orTlp0c0MmtOcUR0rp66kRXOozXFPyHZ6bNgqWyV60HRFUCLoHwyMxnIj9h6sSp9hX8RWGgtL2839DoFVjE80uK7rumk+9TkdYGcSQd8K1d7kfQtkpA6jj1Mb8fxS9uJjsgpY5pp9JyGRFi0lvMn9qwjh0wHNm5hjy2aEDmjWAX+kD+oK10+cA61H1Wm2aHBFoZD5TBE/iaJ9PyropOW3HG7yGjWqw6fWlgNxU4nNcb07sOsgNEM0GFqQMir6kufaaFBWs+qexhHR2Eppw5RTjzQDEVq8NUfPoRZdCawghL+5ruuLF5XUlYVdYfKw9wjYgV1tN4MI6irIkMlGpGvdr8/LoQKyUlN+RvRTrc8IFrFd6U4Apd72yDspU7bt/OhVuPrmzO2L5cB1hQRGdLDUKu94pJqbkpMFEZ96TlBJZTXT9e7ArgPOyJSocP/KkzbTBSmWX8++4UbOwkqiQZ2zlIiw549Gg7O+eIZW1eqnwnSbTCgjQVq0pzct8KyenT0HR2ihRU5ZM9wT6sBSt53eTH1pRxnM9Q2+d1ufIgcZOEW47U+vOvp8wkaDI9Ki+hIz4tl3/TR0yIDvO5m+lwv9MsqKc58zjF/b1mF2Idxly0TsHMbs9ojtCG40aA/c7h1l3KVBRXB+9WqU+5WHHkLoG9hHR4MzbpfwRfJu9Gd90/ciZvsWewdje/Ih18088O6yZUI6rC56eHKr2d7An+rr+71vcJd2acTVQ2CkXnfRt28Q7X2uZ0gE5d9HDtQjn+36k+8F8k4A5X6fCFqfIy2a06s3v2dmIVw9GoyZx7hL36zoer5ByEaDPUQwVQCVc8/9eyFOmj7Wl4be/XOWaDCUQbERvK9/PImg3ENadMWRpXGde3e02OasPDf4NB+l8xS+qKWHUMTaIOc6NyUqZdhosKW/3Qmg1OOJ7d39strQtyE7h5FvsLarGUcO1KOjwVDfebKd2iG0QMvaaXQbc3yGexoTaDkwlVTdztf0nlMqqXdoPirUkd15qZVTo6OiQdle8+ubDdQxIqg2fxJTLUtfYlJ9JVS+nuE5Mm03UoBDAviUBrX8QytE7TUj+ab6Ctd3JDCjELoD6griIJ1Q9ny5p1ncvck+TejnuIEIsfwZ8ZUFXzSoqx9j3+hT2xwjXKn+47NLqF7SvhjemgX43FOQrd8oMRolEDUEMCWzMopvql9zfWcCMwqhHVBHfY07xQx3S7rvBMl3nNYPUx5srpUBRQ4dkK+860+qbd1BSdJ1ckajDPY2neur4tPqxxZC+CSCJc+MXeWrLHzL96UM+SOpOPmv78et46i0Xe/N87UEUJn6Dm7w8R7FN7Nbc1svAqmDZY96rbJIJjQQP03oK8OY+YwY3r5ITO4LRUI6KNvoJDRQ24H+Tgx9C01kkJdnlAiSr/1PIqWLc57EO4atipkv2o+5/+4al4tGZb2nAmw02GM8CPWb1Mhd2brlhdrQu52l/sH9HQn0cPyU5qyySOZu6Xtse10ByxkIQiLoi6SfBOSp3iFfCbFQoa3lY0/1//bt+Kyvzb7Ap/bk/P4pCo0p82m+OMcPYp4buqZXNBhiV/KilLLqmrRoiZdsfm+tQaoWptCXCmqVX1pOaP4opzO7UVTKABgzj6W2lWt9x4qFWNjtDvaaUKTSIxoM7cVMWUxRant7v0bQshlfzwN9Kj92vrhnn2wdJWlE7ZsbLbWd2wdi+ab0syeb8vtNCPTsdDHIZk6L1ogClUHJQpnQnKSb3vSdn3knfhJNuV8fD4mcph19q2Q1JSrPquFf9tB1rX/Oi0eM/+VeowO+HpwgX46QH4lSZZ71KU07KlppdZTaU/Re40v3sfOCYgfbZ2r4ZK6fcN+kBGZzCuvcs7y5hTp1yWDsCmHMvFCoHjLo6qKMFDfThTzSjtCinlDkKQtpRDjdN3377yV83HZI/f7jNd/oinVKm2e9dsQijtpzkk/iJ+xLo0C1X8xWCWtr3aYU089m9RHq1ZDATEI44/ygL/qKXQxzZ7bUjvyUko1JlWp9UgejlHmx0Z8OathVmhVdW5BiK1pLfGMEUEWwxlc0UuYF5bm2b9SIRGP5ct1CBGYVQkkpfTiQY4so0Dbnm4StDr75MVfMYoSwNEJ7EkQRQUnHtlgpOtAVmj+6VXoy5kWsJEKSlLXMj9otO6FnlvqeLfdvr3Sz/FtMuXa6Zabxrrlj8YB4AjM5xiwLZWrOBYYsYU+UCe2VTF1lJ9e7c1T6Jl5rg33oPE4dkEZ+azDe6+e5svViFV9L7TNzph/kfnfPaohoavbhyTLW/2L3GOs9JaL/VC9+vziBmYTQOnnMm14L9O6RZ7FvnSl1caM3X7omVQRTnl9yra2XO8eovxtlu5J2jbp3xCIZ9fEYO0nU919mDlk/FvzEq7YAun1G5qKl37gveO6CMYlWRbTlJ0f0n9rJ7zchMIsQuo7e22l7RIHqMk9zoakb5GdxRXmRiRlcZ6nvDPXonRZV34udeghlAHpFgPKcp4Vl8vvU7UH/+zoOUYX0aVXvDL5CHRoSmEUI3SXyvYRQ04num2SNBTEhs4VSwKF5vtpv1y3ciWgwneqItGiq8Nr5uLsWtvRR21/0Kx2xC3RSrCJ9Xn70Q80p93Lt4gRmEcKUxSO1kIeiQOnUtebUfHX1bRG5E8EaK+1qMfOVgwjm0e2dFs1dnSovqbIXUn60X+h/5Xctt7P49pDm0U67i8xGGq/lr55BCJ9SH7Uhj5x/86WApX36IVbb1lU6o26qn8GXavtKy/JqbV+IrWNqNBhbbsvrQp81Cz3TvsDKl2D0azAS7X30usnN/tzVv1dmqiVDyo4gMMPgVePMzYim/v/ncnzHYfUUHDctKs9eWQRV2FumkmNsu9o1udFZbjt7Py+3nu59oflyve7uUIin1aIqiPJfEczQUXmIYS1rTlzObELYYonzXQTYOg1qTe+bB/WJ4EqiogPVDH40cTd7r2q906IrRoMKTfqvb6ribvrCZl5SXnRDxxfOPj2xku9PWdcZBjDX+WrU6W4yXfYfxXxjr7bBbDv/fl3XB54HpHTa2vVLLW/VKCO1nS2u75kWPdFOJWcW+8SQqLBFL5iozBqiU9qc1COTQs9T8ZPfh+YBRh2x1OPkl1I7pN6/cpSR2taa1/cWphPtVBpxu/01dvN+TT+hrI4EZhBC3xFisZGROKxsmv21mRj34YstrxX6p7mO0fVLbXfvwTy1fjNfXzpIp7TtRDtZESuZanFXshMVpnjeYtfOIIR3WwcEpyzdlj/yVmZ/YlZ/tdzfFGvqp2hwNRGUdp8YZcTa++m6nmnRE+1k+1uJeLkv6CVlPfkEvx9MYAYhFARPBzqnYJpB/Gx976LBFUXwxCgjxf+erhV+8qf1aSbap0qioqe2zPj7Wods91rNPiPD4+o0ixCWiqEcGfWLl/VabobPcRDf6RyziXVKu06MMlL4zHJtz8hzljZLPZ62TcTWFSGMJbXBdTMJoeJMiQ5nF5QVvq6e6sYy0JwWZaQyGn39qdFgrbSoTf+rLUmNjvbqhs+fUQitIMrf9XQIO0foHvXUEFFR0bVWxBZVouLN2h4GhYpQGxR1ajRo5/VKfZSIsIFjzlrkzEI4K7PUeol4fHJd19dvN7aeF0qtW+r1bKBPJdb/+lOjQZsWlb+Xjm3ulzdKy+vvCTwxmgDGjUZ1/IUsklnDBU6NBmttmxAru5kcpgLW8P3sWiKE2eiOu5FFMvOb/ORosOQ0GdeybjRYmmad33MOryFCeLgDJDSfRTIJsAZcWnOhyIDqFz3S91WX3NXj7uH8RINFplnjZoRwDTuNriVp0dEWeH6+RoMrHdr+3Kq4K1whLBnXiAbjmG91VYnDbAWCxtwSIC06v4PoAH5in3Y/b5b7tYjdVnnP77WT1PDETjMJ+qWqcfIgu4KhdABf8aSiGnxtFFfCgJWiNayxYBkI4YJG61xl0qKdgWc87uQXlVrzg0SDGY63yy0I4S6WbNcO0qLt2NYo+fRosNbGdzcaLIksa9iVMjoSQAg7wl70UTrQ4ivzGdBGQ6faxxXCHA5Eg/P5dtca5ThN1wryMAhAIEjg9GhQwNhILmerg7tdQspkXDys02HwwwxOc7chYKOYU/uxOz+YKoS+b4WyeX6bLhLfkFM7UDwhroTAnAQ0Ejp5Lqt0oYybVv3s7SPgX85pbmrVkgBC2JIuZUOgDQGiwXdcSxbKMC/YxjeXLBUhXNJsVPpwAkSDfiGMHc8QwcM7kNv8WMcBGwQgMAcBosF3dsidH/R9+JtxcA7fHlYLHGAYeh4MgSwCKgAnzw36hDBmfs+3QpTFMVluuNdNCOFe9qQ1EDiFQOr8oC8SRARP8ZaHdiKEOAIEILAigZRzQV0R/Pa6rl+8pVdzP9W0Ii/qfEMAIcQ9IACB1QjEzg/KdZ+/5hNtGxn3VrN44/riEI0BUzwEIFCdQIwQ+uYDJQKUuVUiweomWbtAhHBt+1F7CJxIwBVCd+GQO38ojFJPnTmR67FtRgiPNT0Nh8DSBHxzhKFU6OkrbJc2dI/KI4Q9KPMMCECgNgFf1Oc+46/XdX1KKrQ2+v3KQwj3syktgsAJBHzbIWy7iQJP8IJKbUQIK4GkGAhAoCuBOyFEBLuaYv2HIYTr25AWQOBUAt9c1/XxdV2SAv2jSYGyKvRUj8hsN0KYCY7bIAABCEBgDwII4R52pBUQgAAEIJBJACHMBMdtEIAABCCwBwGEcA870goIQAACEMgkgBBmguM2CEAAAhDYgwBCuIcdaQUEIAABCGQSQAgzwXEbBCAAAQjsQQAh3MOOtAICEIAABDIJIISZ4LgNAhCAAAT2IIAQ7mFHWgEBCEAAApkEEMJMcNwGAQhAAAJ7EEAI97AjrYAABCAAgUwCCGEmOG6DAAQgAIE9CCCEe9iRVkAAAhCAQCYBhDATHLdBAAIQgMAeBBDCPexIKyAAAQhAIJMAQpgJjtsgAAEIQGAPAgjhHnakFRCAAAQgkEkAIcwEx20QgAAEILAHAYRwDzvSCghAAAIQyCSAEGaC4zYIQAACENiDAEK4hx1pBQQgAAEIZBJACDPBcRsEIAABCOxBACHcw460AgIQgAAEMgkghJnguA0CEIAABPYggBDuYUdaAQEIQAACmQQQwkxw3AYBCEAAAnsQQAj3sCOtgAAEIACBTAIIYSY4boMABCAAgT0IIIR72JFWQAACEIBAJgGEMBMct0EAAhCAwB4EEMI97EgrIAABCEAgkwBCmAmO2yAAAQhAYA8CCOEedqQVEIAABCCQSQAhzATHbRCAAAQgsAcBhHAPO9IKCEAAAhDIJIAQZoLjNghAAAIQ2IPAPwG/gWYPbWH+rwAAAABJRU5ErkJggg=='),
(131, 1085897347, 'ACTA-110824-1', 'data:image/png;base64,iVBORw0KGgoAAAANSUhEUgAAAcIAAAC0CAYAAAAHFCwtAAAAAXNSR0IArs4c6QAAHCZJREFUeF7tncuxL0eRh5u9FsgCgQUjImbBDlix1GAByAKQBQILJCwQmCALAAs0HgxjAZoI9nBy7j9FUrequ97P70Tc0NU93dVVX2bVrzPr0d+7+IEABCAAAQgcTOB7B7edpkMAAhCAAAQuhBAngAAEIACBowkghEebn8ZDAAIQgABCiA9AAAIQgMDRBBDCo81P4yEAAQhAACHEByAAAQhA4GgCCOHR5qfxEIAABCCAEOIDEIAABCBwNAGE8Gjz03gIQAACEEAI8QEIQAACEDiaAEJ4tPlpPAQgAAEIIIT4AAQgAAEIHE0AITza/DQeAhCAAAQQQnwAAhCAAASOJoAQHm1+Gg8BCEAAAgghPgABCEAAAkcTQAiPNj+NhwAEIAABhBAfgAAEIACBowkghEebn8ZDAAIQgABCiA9AAAIQgMDRBBDCo81P4yEAAQhAACHEByAAAQhA4GgCCOHR5qfxEIAABCCAEOIDEIAABCBwNAGE8Gjz03gIQAACEEAI8QEIQAACEDiaAEJ4tPlpPAQgAAEIIIT4AAQgAAEIHE0AITza/DQeAhCAAAQQQnwAAhCAAASOJoAQHm3+Ixr/01crf/v2X/nz5yNaTSMhAIFoAghhNCouXJDAn96ET4VQq4/Pz2vI31zX9eW81aNmuxJgUNjVsme3S8RPRND387NDokKJfuVHIuAVomCp40+u6/r2uq4Pz3ZfWt+bAELoJy4D6a+u6/ro9WuNKqSz/sWk2nrbi+c9E/jDdV2/vLnsBJ+XyOoLw2D2Notof75QfZ+9kCuWIjB7B+kJU8ROO6ObTgvV448vwexZT54VJuCmQjUSsi8yEhHu/vO3txTj900jW0bBwrY04vyHqSt9anfvnLB9COG7OSQRwFjxc80og8AJg+uE7vtdlXw2/N3bbyXSsINsS0GYhY8vLRzbz20fkL9LqtL+5PQRVyQ1o6Ll/sBE8HKt2K1UWGexBfVYhEBsB1mkOcnVvJtLSi3sdJapvGpd79pQBtGvX4su3N+dYCPfAiH7oqZiZkUuR+Bq2S+mHBVGpiViaHFNMoETBoYQFHdewr3ur6+J+8/MG6oMGPJH5qDkTdb+aASSbARuKCJgB37XBvZ3u0XubvQmEEXc/vO6rg8SiAoXSaPKIhX5sRFbKDK7i9hcUfWJrNRTnvlxQj3dS3W+XhcFFRTFracTOFEI71KhmpoRv3hKz/iE9ESeI/uQtYHvRWT1tKiKiE1TpkZvInC/9/jzk3+3tqvvBcYn7irwd+1GFFtba/PyTxu4Q1GgRH+fRoif6w5uefI2nTpQbe5izZpnV4f6RHCllYjqMzGLtdw0oRW0rzyZihnnRXNtoxkZcSq7ytTNzMj/Eyk263r7FXySEIZEsDSlaaMO8ZCTmI7qEXbuL7TKcLa0qBvtSHpdXsB8L04qbuKb+hMTwbm+KPfOJoRuPyzpfyp2IVEU35AXphh2o3yZ505A4JRB27coptackW4EVnOWdOwJXGKJKuiA/99vC2N+5KmxO9j2EgObytSUnvw3lCVwBa9kwA4t/Jqtj9/N6ZY4n9hc5h59rOmTJWQPuHe2TtIK+f84KaNaIqj1JSpsZbn3y32aF/StIq29vSVl7s4ewqBCVyJ4IdK+1aK1/bzUyrkp0dTntsr+pNaD6xchcIIQup1C0lE/rGwf9xlsCq4M+FXckwjKZa4glESDruDdpTHl2TJH3FLs7qjOnhZ1X1B6RGm+lwNh2OPZbXoApTYhsLsQ9lzZ6Q5EJQNwE2NvUKgyDg1kJYOtLsTQ/XUh0RspdiEThtKiM/lgzEtMCxcNrRJn834L2ouWubsQ9hQn3xmXu/Pt6fZ2IA1xjVkgowJnT52xomdXZY6K7lK5uvPUcv9MadFeKdE7bqF06UwvC6l25/pKBHYeqGuuTovF7QovKZhYcvfXxUQTblQkByHIYpq7PXgrip6PlDsHPpsQ2n4xuk+ETt5pMW9bx/sppTmBXYVwhAiKsXzzNLsybu6c5gFPKVH3awu+uumilVWivFi+s6dFZ4gGXZZunWaKnmPtznUVCew6SI/qfL70y+g34IruMqQoX0rUzuf55vIkEpTzRncTPZ8BQgtCZujbo15IYxx15rrF1J9rKhKYobNUbM53RY1Kxayyl6sF81Zlqi1lkYr83RU+ET17ZuVpLx4zb5sY1Q9jfRExjCW1+XU7CqG7cKB3G4kKyzuNRnzu4ea+Deh2sD0txTVzWtQV6FlfUNx69h4vynsLJRQT2NHooz/y6RNCziC9d1UZ0CWq+yRwMkjoqKxRJ8gUd7xKBcyagVgp0irZclPJjBQzmsBuQug69aj2uYtmQkeBjbb/qOdretP3QWRd1KIfbA1FeQxg7x8eIPZscWBEip/4xHlUP4ytt7v1iS0VseQ2uW52B03F3Oocw9R6sKfwfWK6sVl+4+7b003qdgn700rRmD2DqXZb6fpZ06KrpERdW8ds0VnJP6hrAoGdhHCWaFDxn562U8ELRX0yZxTau6WDqXxL70OPP8P23cuEcHJ/RkYzbp1aRqf2ZUr3isoLlfhG7s/Ty1duudw3OYGdhHDGCGH2VXMt3NN3pJVd5PK0cdkOpr5BnZToO6vNuFq0xTmv+kJ1d/Sd+nHpghztry0FvEWfo8xCArsIoTs4jnwrtiaxkcvOKxpD4qff03sSP8tMB9MQrxlfeAq7Ydbtsx2y7fbBWH/XyO7uBCABZH3Invfq/i4L5usmhLCE3sL37iKEMw+OdsCaRaBruGxN8dP6pEaDO/FMscmMadGYaNAehKCRnm336CPvbBt2GRtT/OrYa3cxtnXg2QZHGxWuvo1C396/8nzf8W7OL7aDEQ3GkZotLeoKs6ySlrNe7Zfj3QVS0tKcjEEcobyrYg52zyuZu6YmsIMQ2k4Ym47pbRQbFa7EPLTSU9NRNcQvNhpkgcy/vNaXFh3l++IjXzin+/z9uq4PTDrTtyq4dx+MeR5CGENpw2tWGpRD+GfZMnHnHnrazSof7A19ssYeXJ0y7xfTdZ6iwRMXHvm4jU6L2j2gvvSmRoO1/SPGh0qvsX4/W2aptG3cf0NgByG0n6DBecvd3V3gUzPqC9XuaW5w5jngcuJpJfT85NKd6KnQfd+JBlfugwhhmi9uc/XqQmgHUJY8l7mlu/ildCl6Sm3uosFZVwSntK/mtS1Wiz6t3PSd8arRoN3LOCo9W4svqdFaJBcrZ3Uh5A2ujsON3Jv3ZEOiwX/ZuEZa9Cm1GRI9n6fFrBSt46F9SmHVaB/O0z1ldSGcebXodMa+qZAVo96RtUY4vmiCaPDfjZa6WjRG9OyevJR5vZEvT6361tM8davnUu5gAisL4QqrRQebN+nxIzb/p0SDPVO1SeA6XRwTDdp9er7tCrmiFxMNrjyWaPvuXso6mZnHjCCwsvMSDdb3mN4HD98NPCOEuT7ReiX6VvLKCk05j1V+XOGrKXpuK3aN1NUfV17wU8/jDippZSFcdW/e7O7lzsm1WjX6FA3ueiJPrv2/cVZnajkpc3q5z3bv23He9mnlci12lDMhgVWFkLRoO2cKpeBkwK15EkhsNHhaSvRpBae1/IjIZddokIUy7caU6UteVQhJi7Z1LXcrhfs0Scn93+vkkJzP3txFgye95LiLWXwpTvk3d6+e/NuorQorHGCR0ztYKJNDbZN7VhVCJrX7OOCTINpaaLQYI4x39tvtJccX4bmCZ9Oc7txezCKZPt7w/jcQVx0/fLyYH+zlRRM+Z0VHPilimMllUkRR6m3TqHZZfmw0uEpK1C5Skb/HfDfP/crC3baFnifJPPnbrtEg84NPlt/89ysKIUeqjXfKP1zX9ZGzUvGpVnpOqX6RwJfamzU9lRLV2ehO/i4RnqYy7X+feOnvW5wkE/ts97pdMzGcKJPrEZvct6IQameUZeMfbmKHlZsR2ruW0iYRxY9fc2FynxxOLhv75d+lfDdiStn47auHG8XZa2IiOitopUJ3x8m3ZaL3gQdav52jpllfwFL6ENcWEFhNCEmLFhi70601hLGkqq54WtFLKVcER/60FLqn+swUDe4sFswPPnni5r9fTQh3W0ixuXt91zyJbH58XdfPX/8S2giu4iOXyUpJ+SP/litmIb42onSFLid92cKOvmhw1ErRnaPBndvWwi+3LHM1IWQT/bpuqC8xbmpPB/zUQT5HHEtTqr3oz7RSVNosc8K/HLhloyX3nSPdlty2KnslISQtuq7rhWzH27jfpqEPI4/qr/oC+tlblP7lum7orTlp0c0MmtOcUR0rp66kRXOozXFPyHZ6bNgqWyV60HRFUCLoHwyMxnIj9h6sSp9hX8RWGgtL2839DoFVjE80uK7rumk+9TkdYGcSQd8K1d7kfQtkpA6jj1Mb8fxS9uJjsgpY5pp9JyGRFi0lvMn9qwjh0wHNm5hjy2aEDmjWAX+kD+oK10+cA61H1Wm2aHBFoZD5TBE/iaJ9PyropOW3HG7yGjWqw6fWlgNxU4nNcb07sOsgNEM0GFqQMir6kufaaFBWs+qexhHR2Eppw5RTjzQDEVq8NUfPoRZdCawghL+5ruuLF5XUlYVdYfKw9wjYgV1tN4MI6irIkMlGpGvdr8/LoQKyUlN+RvRTrc8IFrFd6U4Apd72yDspU7bt/OhVuPrmzO2L5cB1hQRGdLDUKu94pJqbkpMFEZ96TlBJZTXT9e7ArgPOyJSocP/KkzbTBSmWX8++4UbOwkqiQZ2zlIiw549Gg7O+eIZW1eqnwnSbTCgjQVq0pzct8KyenT0HR2ihRU5ZM9wT6sBSt53eTH1pRxnM9Q2+d1ufIgcZOEW47U+vOvp8wkaDI9Ki+hIz4tl3/TR0yIDvO5m+lwv9MsqKc58zjF/b1mF2Idxly0TsHMbs9ojtCG40aA/c7h1l3KVBRXB+9WqU+5WHHkLoG9hHR4MzbpfwRfJu9Gd90/ciZvsWewdje/Ih18088O6yZUI6rC56eHKr2d7An+rr+71vcJd2acTVQ2CkXnfRt28Q7X2uZ0gE5d9HDtQjn+36k+8F8k4A5X6fCFqfIy2a06s3v2dmIVw9GoyZx7hL36zoer5ByEaDPUQwVQCVc8/9eyFOmj7Wl4be/XOWaDCUQbERvK9/PImg3ENadMWRpXGde3e02OasPDf4NB+l8xS+qKWHUMTaIOc6NyUqZdhosKW/3Qmg1OOJ7d39strQtyE7h5FvsLarGUcO1KOjwVDfebKd2iG0QMvaaXQbc3yGexoTaDkwlVTdztf0nlMqqXdoPirUkd15qZVTo6OiQdle8+ubDdQxIqg2fxJTLUtfYlJ9JVS+nuE5Mm03UoBDAviUBrX8QytE7TUj+ab6Ctd3JDCjELoD6griIJ1Q9ny5p1ncvck+TejnuIEIsfwZ8ZUFXzSoqx9j3+hT2xwjXKn+47NLqF7SvhjemgX43FOQrd8oMRolEDUEMCWzMopvql9zfWcCMwqhHVBHfY07xQx3S7rvBMl3nNYPUx5srpUBRQ4dkK+860+qbd1BSdJ1ckajDPY2neur4tPqxxZC+CSCJc+MXeWrLHzL96UM+SOpOPmv78et46i0Xe/N87UEUJn6Dm7w8R7FN7Nbc1svAqmDZY96rbJIJjQQP03oK8OY+YwY3r5ITO4LRUI6KNvoJDRQ24H+Tgx9C01kkJdnlAiSr/1PIqWLc57EO4atipkv2o+5/+4al4tGZb2nAmw02GM8CPWb1Mhd2brlhdrQu52l/sH9HQn0cPyU5qyySOZu6Xtse10ByxkIQiLoi6SfBOSp3iFfCbFQoa3lY0/1//bt+Kyvzb7Ap/bk/P4pCo0p82m+OMcPYp4buqZXNBhiV/KilLLqmrRoiZdsfm+tQaoWptCXCmqVX1pOaP4opzO7UVTKABgzj6W2lWt9x4qFWNjtDvaaUKTSIxoM7cVMWUxRant7v0bQshlfzwN9Kj92vrhnn2wdJWlE7ZsbLbWd2wdi+ab0syeb8vtNCPTsdDHIZk6L1ogClUHJQpnQnKSb3vSdn3knfhJNuV8fD4mcph19q2Q1JSrPquFf9tB1rX/Oi0eM/+VeowO+HpwgX46QH4lSZZ71KU07KlppdZTaU/Re40v3sfOCYgfbZ2r4ZK6fcN+kBGZzCuvcs7y5hTp1yWDsCmHMvFCoHjLo6qKMFDfThTzSjtCinlDkKQtpRDjdN3377yV83HZI/f7jNd/oinVKm2e9dsQijtpzkk/iJ+xLo0C1X8xWCWtr3aYU089m9RHq1ZDATEI44/ygL/qKXQxzZ7bUjvyUko1JlWp9UgejlHmx0Z8OathVmhVdW5BiK1pLfGMEUEWwxlc0UuYF5bm2b9SIRGP5ct1CBGYVQkkpfTiQY4so0Dbnm4StDr75MVfMYoSwNEJ7EkQRQUnHtlgpOtAVmj+6VXoy5kWsJEKSlLXMj9otO6FnlvqeLfdvr3Sz/FtMuXa6Zabxrrlj8YB4AjM5xiwLZWrOBYYsYU+UCe2VTF1lJ9e7c1T6Jl5rg33oPE4dkEZ+azDe6+e5svViFV9L7TNzph/kfnfPaohoavbhyTLW/2L3GOs9JaL/VC9+vziBmYTQOnnMm14L9O6RZ7FvnSl1caM3X7omVQRTnl9yra2XO8eovxtlu5J2jbp3xCIZ9fEYO0nU919mDlk/FvzEq7YAun1G5qKl37gveO6CMYlWRbTlJ0f0n9rJ7zchMIsQuo7e22l7RIHqMk9zoakb5GdxRXmRiRlcZ6nvDPXonRZV34udeghlAHpFgPKcp4Vl8vvU7UH/+zoOUYX0aVXvDL5CHRoSmEUI3SXyvYRQ04num2SNBTEhs4VSwKF5vtpv1y3ciWgwneqItGiq8Nr5uLsWtvRR21/0Kx2xC3RSrCJ9Xn70Q80p93Lt4gRmEcKUxSO1kIeiQOnUtebUfHX1bRG5E8EaK+1qMfOVgwjm0e2dFs1dnSovqbIXUn60X+h/5Xctt7P49pDm0U67i8xGGq/lr55BCJ9SH7Uhj5x/86WApX36IVbb1lU6o26qn8GXavtKy/JqbV+IrWNqNBhbbsvrQp81Cz3TvsDKl2D0azAS7X30usnN/tzVv1dmqiVDyo4gMMPgVePMzYim/v/ncnzHYfUUHDctKs9eWQRV2FumkmNsu9o1udFZbjt7Py+3nu59oflyve7uUIin1aIqiPJfEczQUXmIYS1rTlzObELYYonzXQTYOg1qTe+bB/WJ4EqiogPVDH40cTd7r2q906IrRoMKTfqvb6ribvrCZl5SXnRDxxfOPj2xku9PWdcZBjDX+WrU6W4yXfYfxXxjr7bBbDv/fl3XB54HpHTa2vVLLW/VKCO1nS2u75kWPdFOJWcW+8SQqLBFL5iozBqiU9qc1COTQs9T8ZPfh+YBRh2x1OPkl1I7pN6/cpSR2taa1/cWphPtVBpxu/01dvN+TT+hrI4EZhBC3xFisZGROKxsmv21mRj34YstrxX6p7mO0fVLbXfvwTy1fjNfXzpIp7TtRDtZESuZanFXshMVpnjeYtfOIIR3WwcEpyzdlj/yVmZ/YlZ/tdzfFGvqp2hwNRGUdp8YZcTa++m6nmnRE+1k+1uJeLkv6CVlPfkEvx9MYAYhFARPBzqnYJpB/Gx976LBFUXwxCgjxf+erhV+8qf1aSbap0qioqe2zPj7Wods91rNPiPD4+o0ixCWiqEcGfWLl/VabobPcRDf6RyziXVKu06MMlL4zHJtz8hzljZLPZ62TcTWFSGMJbXBdTMJoeJMiQ5nF5QVvq6e6sYy0JwWZaQyGn39qdFgrbSoTf+rLUmNjvbqhs+fUQitIMrf9XQIO0foHvXUEFFR0bVWxBZVouLN2h4GhYpQGxR1ajRo5/VKfZSIsIFjzlrkzEI4K7PUeol4fHJd19dvN7aeF0qtW+r1bKBPJdb/+lOjQZsWlb+Xjm3ulzdKy+vvCTwxmgDGjUZ1/IUsklnDBU6NBmttmxAru5kcpgLW8P3sWiKE2eiOu5FFMvOb/ORosOQ0GdeybjRYmmad33MOryFCeLgDJDSfRTIJsAZcWnOhyIDqFz3S91WX3NXj7uH8RINFplnjZoRwDTuNriVp0dEWeH6+RoMrHdr+3Kq4K1whLBnXiAbjmG91VYnDbAWCxtwSIC06v4PoAH5in3Y/b5b7tYjdVnnP77WT1PDETjMJ+qWqcfIgu4KhdABf8aSiGnxtFFfCgJWiNayxYBkI4YJG61xl0qKdgWc87uQXlVrzg0SDGY63yy0I4S6WbNcO0qLt2NYo+fRosNbGdzcaLIksa9iVMjoSQAg7wl70UTrQ4ivzGdBGQ6faxxXCHA5Eg/P5dtca5ThN1wryMAhAIEjg9GhQwNhILmerg7tdQspkXDys02HwwwxOc7chYKOYU/uxOz+YKoS+b4WyeX6bLhLfkFM7UDwhroTAnAQ0Ejp5Lqt0oYybVv3s7SPgX85pbmrVkgBC2JIuZUOgDQGiwXdcSxbKMC/YxjeXLBUhXNJsVPpwAkSDfiGMHc8QwcM7kNv8WMcBGwQgMAcBosF3dsidH/R9+JtxcA7fHlYLHGAYeh4MgSwCKgAnzw36hDBmfs+3QpTFMVluuNdNCOFe9qQ1EDiFQOr8oC8SRARP8ZaHdiKEOAIEILAigZRzQV0R/Pa6rl+8pVdzP9W0Ii/qfEMAIcQ9IACB1QjEzg/KdZ+/5hNtGxn3VrN44/riEI0BUzwEIFCdQIwQ+uYDJQKUuVUiweomWbtAhHBt+1F7CJxIwBVCd+GQO38ojFJPnTmR67FtRgiPNT0Nh8DSBHxzhKFU6OkrbJc2dI/KI4Q9KPMMCECgNgFf1Oc+46/XdX1KKrQ2+v3KQwj3syktgsAJBHzbIWy7iQJP8IJKbUQIK4GkGAhAoCuBOyFEBLuaYv2HIYTr25AWQOBUAt9c1/XxdV2SAv2jSYGyKvRUj8hsN0KYCY7bIAABCEBgDwII4R52pBUQgAAEIJBJACHMBMdtEIAABCCwBwGEcA870goIQAACEMgkgBBmguM2CEAAAhDYgwBCuIcdaQUEIAABCGQSQAgzwXEbBCAAAQjsQQAh3MOOtAICEIAABDIJIISZ4LgNAhCAAAT2IIAQ7mFHWgEBCEAAApkEEMJMcNwGAQhAAAJ7EEAI97AjrYAABCAAgUwCCGEmOG6DAAQgAIE9CCCEe9iRVkAAAhCAQCYBhDATHLdBAAIQgMAeBBDCPexIKyAAAQhAIJMAQpgJjtsgAAEIQGAPAgjhHnakFRCAAAQgkEkAIcwEx20QgAAEILAHAYRwDzvSCghAAAIQyCSAEGaC4zYIQAACENiDAEK4hx1pBQQgAAEIZBJACDPBcRsEIAABCOxBACHcw460AgIQgAAEMgkghJnguA0CEIAABPYggBDuYUdaAQEIQAACmQQQwkxw3AYBCEAAAnsQQAj3sCOtgAAEIACBTAIIYSY4boMABCAAgT0IIIR72JFWQAACEIBAJgGEMBMct0EAAhCAwB4EEMI97EgrIAABCEAgkwBCmAmO2yAAAQhAYA8CCOEedqQVEIAABCCQSQAhzATHbRCAAAQgsAcBhHAPO9IKCEAAAhDIJIAQZoLjNghAAAIQ2IPAPwG/gWYPbWH+rwAAAABJRU5ErkJggg=='),
(132, 1085897347, 'ACTA-121124-1', 'data:image/png;base64,iVBORw0KGgoAAAANSUhEUgAAAcIAAAC0CAYAAAAHFCwtAAAAAXNSR0IArs4c6QAAHEJJREFUeF7tnU2yKLlRRsszD9tsAHsFNDNmxjNmxitwswK7VwCswJ4wNp4TAR4RjMArMDsAFkDYO4CX9FWTrZZKUlXqL3VuxI2231Xp52SWPimlkr5z8QMBCEAAAhA4mMB3Dm47TYcABCAAAQhcCCFOAAEIQAACRxNACI82P42HAAQgAAGEEB+AAAQgAIGjCSCER5ufxkMAAhCAAEKID0AAAhCAwNEEEMKjzU/jIQABCEAAIcQHIAABCEDgaAII4dHmp/EQgAAEIIAQ4gMQgMCKBP78uq5/W7Fi1MkfAYTQn01pEQR2J/D767o+u67r19d1fbF7Y6j/+gQQwvVtRA3nEmBmMpb/z6/r+sVHkf/5SQx/MLZ4SjuRAEJ4otVpc4mAiN+vruv6/kfCv/30378pPcTfTQj866eQqPCXny8/zQx/aZIrmUDghgBCiHtA4JsEdEes/8K7MsZTNH+Yj2F+fCk42vEuAABFQGZ9f50hwqywv6vITFCEUH5ko8yP+hdJCRC4uH0CJ4DAB4FYBKUjDiG6AImBY1930bNBBh59WZO7IsCLjTtA4CsC/6NAhE44Fkc6537eomeDUorMBvl8oh9vckYI8QEIfINAvC6oB4haIOUhBo99nOfOBn1KJFcIfBDgpcYVTicQz0TinYp00P09RH8yIaWxPtifOSUwI8QHIPA1gdK6FELY31n+Q32qIqXx/WB/5pSAEOIDEPg/AnoNMDcLidcJWbuydZ54Ri658/2gLWNyKxAgNDrGRcLuw3BKyefXdf27KppNAWPsEJei1/9y78LfX9f1UwaP3QyU+m6TwUY33GScIoAQ2viFCJyIm/z+cWLbfW0psisxzFRqnyHdMwJ6JnK3GzTuqOmkn/HOPRXzZX3Qli+5VRBACCsgJZKEGZ58fB1/a/Ysx28/xYHDViTT+YSDneWvd+8BodF+dkiFRRlo9ONNzhkCCGGba8iL21P84tr84bqu77VVkdQVBLS4SYj6T2+eQQgrgD5MkgqL0ic9hMljzwngdGV2In7y+7OPq2HKT3yVIqz7ycHNImjyKz+tM0hCRbXE69PVrA2G3BDCeq4tKVOzQXy9hSBpzQgghHmUtbO/IHhhfa9l40sQWalF7ozLIKqSf0veZk7iLCMtbDUnxXgVwnCbhvjUDL8iLOrsxdq5OQhh2nrxTkGdSr5xkt8ewiSdk3QQP8w4VU3HvbM/jqh7mA3Wzj68CmHgMOubPTbJjPB2yqgigBB+G5N0kCkhkn//zcD70XIzUsSwyrWTibSo1W7K8CiEsy+/ZTb43Id5sgMBhPCbUFPX8NTOHDqY5+ss49EzO0qf0Q6zoJbBxFsh1GvCqfXheNAla8ryq2+/SN2E0Uog5CGbg+Qznx4/tXmn0kn9fpuolLCQWWsuSqKfmRXm7cGSPAcSQAj/H/bqH/bqcC1C2P6SaEFr8ftYCMOz4dvRcDBCHNJu3RTV3iKeKBHQ4iqCKu/QjPXQUj35+2QCLR3C5Kp2LT4lgi2zhq6VU5nLiyw/X4wq0Ek5rRtktIjJs2E2Ijt/P3vAJO5845lPqnOOZ4QPiv36kXCiURDvX6jMZFAV/OpNGXfPxoOCeGOYDCbCruqQjzwTZo6BReD0dpChN7ghjL2svlG+COFXnYA+QkvMV7t+tJGpj65qbjaoj74LYtfayYbNU0HcQse6agc7+6SceH3QYulB775+YkepQ4/Nb0e/dDs1/mQhlJdHRsZ6vYQXYifvraurFkERK1knrBU78Yc/u67rux9F/d11Xf/w8b9XFboSldlCOLp8HcIuHYaxYhSoZE/+bkDgVCFM7VpjJmjgUAtkEc/ySqIXBE1EMjWb0x/f7x4pSPn96D5A87SYDT5xueATOWHc3c5PmBz9zOiXYAXYiOAKVnheh7DeJTmE0b6s20lIrEb0coKXq1HLKTTPWzXmyfjev9FCFL97KwhO7jMlWbP8CZtrxjjm7FJOE8LUeiDh0NleWC4/11ndPSl2lbC3iGTpPNFcPnHHvfv7okVd2jxaCHM7cMse0D9FzscIl/ZnP72E3V/sFoCpmeDojqClvqT96uLc2jNew4AmdPBPPp6PmWuf2d1XUv4/ekam1wdXFZjct8RspnHcI50ihKlO4OkswbE7LNe032U2M8UVTW1caT1KLdX4mhvsl4OWqdAKNz3stN66yydVu/jf0vU8RQhjp0YEl3bLrysXj85rZxEWs0GpxA4zmFpLzg6L7ji7Ts0OR8+ia+1LuhcEThDC2Jl3D3G9MPeWj8aDmBoxtJgNxkK4cwe4wrKAtuNOLFfYabvli7tTpb0L4QrrIjv5w6p1bfn2zLLD9bJjdIXjA60GJzN8NO5HagZjM+pJmQ8JeBfCeLs4DvzQURZ4LBXaS21gsOpwdwzlpcyU+1xo5Luv67DTbFDzjCNLnPe7QKdgVYWRL4NVnWvziTsA1gVrya2ZLteh689fLGeDXoQwNRscvTwQ6jC6XGtPfnsTiXV9yM+IgGchjDuALwfeJWhkHrKJCNR+T2jR4VqK6ixD3g0eZGY26ifM0nedDWpOcZTJcx86yj+ml+PViHEHYNExTjcWFfiaQI0gSthUfmQU/+RHC+Gu70lqNigsRgqSh7Bo7D86TM9yy5O3a7Fndn3BSxhbNleU8uLv6xKoEUSpvQyE5Gi1FlG0WmucSS+0Ib4+aqQQegmLajuufELOTH/btmyvQrjCwb7bOsWGFY8/vC81oTRb/PnHzSSSz64j/hlhUX3Wq/xvff7rSPEt2d/i7613XFqUSR6dCHgUwhUP9u1kPrL9OGhbZh1BtOS/NQdwB3j69onwbz9WJ9rsurYcZmLhctvQtlZBisUt8JUb3+W39mdXjrn2MSustfwG6TwK4e/VLeJyaeoPNrADVXxO4G5TSwiFxjeit5YWi+Xql+/qwaC8A0Gw9HmswkCLXLjQNv73WlapY+6CWHp9D3c6Mq7Wjkem8yaE8WzQ2yj0SCe9aXTLJw6SNg7XWfLUQhBuq9f5t17kK+mlvuG/NXUNwlZ7UHkpz7hN+v/XtMfTbtEUKz0r5LvCkjct/HdvQqhnB+wUXdjxjKr25hOHIBp6ViTVklnMTz/qJ52bzGZaQq1GTeuSjYRJZeOM/GixjkWtRuRKFdSDFG/9TGi7vtbN66y3ZGcXf/fkoKwNunDJ6ka0zAarM40O2k6tp6UEVIcVQ1mxwIaZXbxm11K3uxlmEDYR8dTa3eiBocfdorGt4j7HU3/61C+3fM6T4ZgNbumCjyv9ZjZ4V+jOn03ojvntJpnHhvl40HtYNPDxch7tW3tv/bwXIWQ2uLUbNle+12ywV77NDXz4gB4cxEI48l0/ISwaTNRrQPbQBXjsCYGRL8eT+tU+o2P18oyXdtW2/7R0vTqfnU9BiUVch2YJi/Z7Q/iesB/bYTl7EQwdnmDRepj7TCmo56xt52PVdN1lk0/Y8CNGav128I1hdx5MPGk3QviE2mLPeBTCkS/9YuY8ojq9ZoMCb9f1wXhpQH9yMXo2GOoyutxZzq+FkL5nlhVelutBCFkffOkEmz3ea3PCzjMZPTiQI+H0AQKjO+cTdovqVwYh3KwDSVXXgxDGB2x7aJMD1+rSBN3pWM84du3AUwPBcOScNaMao+6yW1TOk/3so0Eth7HHDHpGKGp4k8aAgAfR4LMJA0fYJIteR1r1XHfsjTaeDc486HqXsKgMEMK3n28v7Nb3E46efff2rWPy9yCE3A12hrv2FKtdw6IxEwmLzpwNBlFeWRDiHeby9rzpB/XNJ2/yOeMtXrSVHgynhZDz/hZ1NINq9QxB7RoWjZn8Sp0qM0OMVg+LpkTw7TVbO+80NngtfWSxuxCyUWacH4ZO5G3H8aTGPWeD+u7BGeLxhIc8ozv1sBYYhGjGJ0Srh0V7iKDYASF86sELPbe7ELI+2N+ZpIP7hbqfT0ocLRg912F27Mjiu/DEHqFTnmEfLQijfaPmDZB1wD+JEloN6Hb95KaG2zFpdhdC1gf7umrc4YbSrDqRmtrrOljPdPRMs0ebZBYidZYZm8WNDoFXyu9nC/qqYdGUCFrupkUIa97ixdPsLISERfs6V04EpdQeopFqTWxj63J1G63eBamzfMfX64iz1M3oPUPHNV62alhUb2TR7RBbS53lV3aPhguEJU24vLhm4NJ7IFXDnjQGBKxefoOqNGcRx/xXDMk0N2qRB+5EMFRxhO/E34ha29h6NK9narEpLWYhsV3CwGD2rtcQura2z5vXQYfTdT7x8XN3ZZQGXnxM/8ZCCz07ojPr1Vzt6HLZ6Pd6FXRYvvEsLMwA9Wkl8m+9fSd1bFhYC7MwiaV4pJil6vhWDGOhDTaYves11Ku3T9TaPTcTlDB16q7Gp2I4Oxxdy4N0BQKrOO4TQ7FR5gm1+2dyIigdePg+bdSMsPds0Eo8hNk/qlNKQnhN/vtf0eHXYVDx5CSTmtlgaQZj7zFfhReF5VuRt6pbanfo27xzXK0jCm/ryfMPCSCED8E5fCwlgnLrufx73Lm8PY2jhC9VF0tftZoNpkLIsSDkBKzEQP/9jkfP7ytr6rjSR/T6xJiaukt68XG9mSm1xpuKgOz62U0Nl+PSWHYuo+HpMNEqo9HRDKzKS3W0Wuzi9Rbr3ZtxO+LZoLV934a0cp1lGDjE7cmFNGvtdyemM2clK80Gc2uCKcalDTG5yIieyc8egNT6DukqCHgRwhkhoQq8WyRJvfSx8MQdeYm35Fmz6y4FKFUf600Yb8KiuY1Ed7PkmF9Le+5E0Gpm+9RRVxHC/76u648qG1Hy3ZBNPLuMn5s5AKlsKslqCXgRwtxIvJbDqelqRr4twqTDRbUdTsy+pbwndnsqHvKciFI4rFmXXRK2uFNtOQrwbjb5dmb7hJ9+ZoWw6O+j9dknM8Achxz7pz70ljfPdyKwsxDqUEjvUF0n/FOzTc1sUhxr1+vicKY07ol/jQqLtoRbc7PAUogtGDgO29UOElaelawwG9QDL0sBDHnlZuOzByBTOw6PhT/pqFbhoEdrvTdvrNJmq3qkOvbcLCXuxFMCkhJBqWtthx/atdps0OpQgZhPDZe47HiQMntWMns2mPtkJQxOxKeehudrhbBlMGX17pJPBwJehLCmY+mAb8ssa9YEW4TJQiykTvLzz9d1fTeiWgo7thihZSSfE3cp78tP4bhfNhTcunO0JmT9Zp2zoerZpDOFMOdz1v3Zime6WtiOPCIC1o4zCnDcUSCEdeRT31jdjWpLs5LSCTQ1I+a7PGqer2v5V6lqNjiUwm1PfK11RpgS4XhAUNOWFjYtaWeGRXP+YjlgCixSp1fp4/N27T9bbH1E2l0NiRC2u2culHTnA3e7HVMdkmxa0ptJSkJW+vjZsnPTZeXyzTEKtJ+IoDwbb+i4a1eKa1zuKmHRkn3bvfT+iZwIPrVLqX6pQx3CwRK9yizVib93ILCrEOrRvfzvk5wyhBFb1j9SHbysOf3VzTpK/Izu9HKd9U+jI6xyHaXkrS+Rzbm2pV1Dp5bbWHUngrWbYlLtiPO9Ow6wdrYT1m1HC1Fo39OwqLCIDyTXzFoHCL3f/dgewju8f5aDtA5dO1m2EEAIW2jNT6tnNbVb8J+OonNHnKXyk879J4lj2OK1tLuOUPL4LEJsJYSlGdSdCL6tQ8tRcalDu1Plh3Sta5UWHvwkLCrhZhkkfV5RgXCerB7o5U6MeWubUnXudgtbnntbqgd/70zAixDOGhl3Ns+3so9DbCX7PX2Rc7PBuyPF7ta1JL/4cl/dOAmpSuceRtvhb1Z2vdtYkgvPysxR6vXFCyPfzarjbGvXb7UNSvZ/UfXso4FljQiV7H5XP8k/zMDiA997zwRDvWpn6D04k+dAAjNeJKvm6RPmT/h8IiU0dyG7u/W3UlgnNYuR0byIWfwT344ei1hpQ43MbKWuYe1F528lhLmNJamZRk0HX+vDtULYMmufvVu05gLeUgi0ll8unaWN7uqSeudO6Gve2me753cWQj078v5BfWkTRyxsd+JTEsFU5y0zo9SoPOSV6jAkbPfjxCxPvyTh+Vz7LDq8u7Co9iEr0Y07gdKZuDlbpU5LKoV4e3dAd2FRCX/+rOGaoxD6lHaKn9SETaV9tUsCFiysDomwqAt5dCSwsxDGo/md21Iy8d03bfKsjFJFeKSjkl2bcYgx5F8SQUkXh19zF5nqvO4upE21LRa4XPss1sDuZlDSef/lp074nxq/CyzZS/9dswlrqfJ3CbnKulnqJyfKs2eDuQt4c2t4NbYPaUJEIOe7ks5iYPTUdjPKb6kraV8Q2Fk8Wj9SfoFp6qPxbOnJ5aLSgBoRTO1wjDewSF6x39Sc9yjP5Xaq5oSwps4l49SE8kp5vPl76yDhbmYa8hotCKH9OZbxt5fShnC9kWZXs9M5d4vEjDa/vTXkjd/w7EACOwth3GnPeFFGmCq3zlTbwYbZYqkTKoVfQ1vvvmnL8Sh9fpBqi0WocnYoUXiU1kg1szsf1vlYDBBafbe0W1TsZTWzlrZKZEN4yE/Jd1vbUpte++W/XNf1F7UPkm4vAjsLoZA+YcSW+xi75v61lsFBKfwqvFP5WXx/10sIZ4cSQ29QGmSEDl8EIPcz8yQZqdMqLEf1sLHNZgw+RrX1+HJ2F0Lv4dHUbCLYzEKAajvqnAiG56WesuFBfmRdL/zUjORz7bDoeGaHReMOJsx0vv/xzaSEin/zKdGdAEoeFtdbve3snn5E/7bcWc/rd8/7ZrxZjJcpd3chTM0KLTrQFQyUO8JMbyYIHWj88XFr/Xucr1lbh5wQvvXNFcKitQxK6fRs3WIDUam8+O+a5Vu7tJY9K72OuFiE6We1g3IrCHhw6lgwPFzSW3PeZIV5q5PcrTf2HlikhLAlpJtrpKdQnhbCGe9saX2w2tE2Sqjfid7vwEZYfFZ1xkvVg2TckVt0pD3qWZNnbnNFL1vlZmSlDS41balNo9tsNZCZvaZW2/ZSOm2fWTOT08KiqVsnasL8JVvy90UJ9OpcRzc3dYrKjqO43PdYvduihWikAGo/CSFfiw5Hh3p7s+vt66vsFpV2eukv7mxWexpQb7uT/0ACnhw73vU4a/T81HyzzzWUDsBChJ623/K52aHEXm2ZIeqnhUXj93AGc0v/Ia8KAp6EsNdaUwXG10lSny6Urkl6XajjDLysDxIWHeukqcEoQjjWBlNK8ySEAnD0JpO3RpOOLnU/Gwf7PifrabfobCH0xLLGo+Jvc3eLKtW0kTQJAt6EUJqYml2NPKi31tGeXpFUm/+p6QiL2ln+pLAos0E7v9kuJ49CuIMYzrpodDsHfVBhL2HR2I9nhOg8sbxzpdSyCh/RP3j5dn3EqxDmxHCFzypa7p7b1a9m1dtbKC/4yiy/Xe1knl5+lYoizWLeq43ke0PAsxBKs3tfvNriXHfrgTXHbLWUdWpaT2HR2TY85TSZXicbzbYf5TcQ8C6EgiI1Axv9rVxuFkj4pcFZK5KeEsqrQPE6Sdg44t1HmQ2+dpX9MzhBCHNhUvl3ecllI40Io/U3dDLSDIcspzyF0Ivt+6NH9rB9z/aEsCizwfd+4iKHU4TwTgy1IcN1OPJvckOA/AaBjIVSXiL5u4ip/rm7IT6ko6O2f328rQ/aE6rP8RSWzAbrfcJ1ypOEUAyZW6cbZWQEsB9p1gft2J4QYh59pq+ddcjJnMBpQhgAlq4dsgaNAFoT/XZ+Xg7Z7k/qvoQTZoO6jRLRkciO/PCezva+SeWfKoQBt7wQ8lsTzmwxUQijym7QX7Y8SNpHBDwdsv0IgOFDJ8ysUyFRQXh6f2joRntlheG/aa/4pvDcGqBcFSQ/f/i4aTzkkltP3Msr9qvtCZ33KKt4D4syGxzlSRuVgxBuZCyqmiXgvfMeZfoTwqLMBkd500blIIQbGYuqZgmwPmjjHHoDice+gVOdbPzEXS4end2dkWjQLYETZjGjXMDzzDoXEpVljnAp9CjOlLMYAYRwMYNQnWYCrA82I0s+4H1A8bvruj5PtJw+0MZ/ts4FJ9jafFT+032OhEVt3MDzgEKLvN7gxucSNr6zfS4I4fYmPLoBHKtmZ37PYVE2yNj5icucEEKXZj2mUd7DeaMM6Zmj3iDDbHCUR21WDkK4mcGo7jcIeA7njTS119lg7lBtQqIjvWuDshDCDYxEFbMEvHbgo00ebkkRgbC+hWV0W3R5uZDoj5y1cyZjF2UjhC7MeGQj9GhfOm/p3PiBQCCgQ6KcJ4pf3BJACHGQXQloIfySM113NWOXeudColIYfV4X5HtnilPsbb+Ta6/DXoS6TvaEb7edkCj+0EQAIWzCReKFCLA+uJAxFqoKx6gtZIxdqoIQ7mIp6qkJsD6IP6QI5EKiHKOGv7BGiA+4I8CH9O5MatIgPpw3wXheJswIz7O5hxazPujBirZtICRqy/Oo3BDCo8ztprEIoRtTmjQkJ4J8VmOC138mCKF/G3tsYThoW9qGD3u0cH2b7j6VYDdxPcejU9KJHG3+bRvPjRPbms604nciyDFqpqh9Z4YQ+rav19ZJByi/EhLj51wCuc0xhETP9YlHLUcIH2HjIQhAYDKB3Log4fLJhtmxeIRwR6tRZwicTeBOBAmJnu0bj1qPED7CxkMQgMAkAnci+Ovrur6YVC+K3ZgAQrix8ag6BA4jcLc5BhE8zBksm4sQWtIkLwhAoCcBNsf0pHtw3gjhwcan6RDYiACbYzYy1m5VRQh3sxj1hcB5BORziB9mms1H8+f5g3mLEUJzpGQIAQgYEuCjeUOYZJUmgBDiGRCAwMoEcuuCfCaxstU2qxtCuJnBqC4EDiLAjRIHGXtmUxHCmfQpGwIQuCOgD1cP6fhMAp8xJ4AQmiMlQwhAwIBAajZIONQALFl8mwBCiFdAAAKrEUhtkEEEV7OSo/oghI6MSVMg4ITA767r+ly1hdsknBh21WYghKtahnpB4FwCOiz6248rt86lQcu7E0AIuyOmAAhA4AEB+WxCRJA7Jx/A45E2AghhGy9SQwACEICAMwIIoTOD0hwIQAACEGgjgBC28SI1BCAAAQg4I4AQOjMozYEABCAAgTYCCGEbL1JDAAIQgIAzAgihM4PSHAhAAAIQaCOAELbxIjUEIAABCDgjgBA6MyjNgQAEIACBNgIIYRsvUkMAAhCAgDMCCKEzg9IcCEAAAhBoI4AQtvEiNQQgAAEIOCOAEDozKM2BAAQgAIE2AghhGy9SQwACEICAMwIIoTOD0hwIQAACEGgjgBC28SI1BCAAAQg4I4AQOjMozYEABCAAgTYCCGEbL1JDAAIQgIAzAgihM4PSHAhAAAIQaCOAELbxIjUEIAABCDgjgBA6MyjNgQAEIACBNgIIYRsvUkMAAhCAgDMCCKEzg9IcCEAAAhBoI4AQtvEiNQQgAAEIOCOAEDozKM2BAAQgAIE2AghhGy9SQwACEICAMwIIoTOD0hwIQAACEGgjgBC28SI1BCAAAQg4I4AQOjMozYEABCAAgTYCCGEbL1JDAAIQgIAzAgihM4PSHAhAAAIQaCOAELbxIjUEIAABCDgjgBA6MyjNgQAEIACBNgIIYRsvUkMAAhCAgDMCCKEzg9IcCEAAAhBoI4AQtvEiNQQgAAEIOCOAEDozKM2BAAQgAIE2Av8LQMU4D2DT6t4AAAAASUVORK5CYII=');
INSERT INTO `firmas_user` (`id`, `usuario`, `acta`, `firma`) VALUES
(134, 87218564, 'ACTA-062425-1', 'data:image/png;base64,iVBORw0KGgoAAAANSUhEUgAAAcIAAAC0CAYAAAAHFCwtAAAAAXNSR0IArs4c6QAAAERlWElmTU0AKgAAAAgAAYdpAAQAAAABAAAAGgAAAAAAA6ABAAMAAAABAAEAAKACAAQAAAABAAABwqADAAQAAAABAAAAtAAAAAB6B1njAAA5RUlEQVR4Ae19B9hkRdH1fiaCZBQQwy6w5CQoQdICkkWC8iEgKEGCCIJg4EORRQwooqiYUEQwoChBxIAJRBElq4ABlaSIopIURdD/r7Pc83K2tm+auXdm7kzV8/RWd3VVdfWZne7b4c47bVpQIBAIBAKBQCAQCAQCgUAgEAgEAoFAIBAIBAKBQCAQCAQCgUAgEAi0hMD/mN8nWQIPCgQCgUAgEAgExhaBJ1jP9rD0/2qkL5ruupZikjQQggKBQCAQCAS6h8D6FvJvLNWZ/Mp0TzV/mByxigwKBAKBQCAQCARGCoFnWDTHWSqbzFB/u6WjLG1kaW1L21g60dJdlqrYU+cDpr+4paBAIBAIBAKBQGAoCKxkrV5iiRNTin/J6lfpMbr5zG47S/CR8u1lWC0GBQKBQCAQCAQCrSKwqnm/2pKfhP5usoctzba0lKU6hDPEd1uabQn5IsK26E6W7rfkY2D5bquLs0UDISgQCAQCgUCgGQQw+d1hiRON8itMvmYfzWzi/M6u6Qtbst90PhjfITV9hXogEAgEAoFAIDCFALY9scrjpKL8jyZ/3pRm7xn1yfzs3t1NW9Bs/2uJvsAxUQcFAoFAIBAIBAKVEMDFk1st6USi+VmVvJQr7ZPTxs9MXrY1Wu592rQnO//frWIUOoFAIBAIBAKTiwBucOqEp3mcxzVFTzRHOEdU/8y/rKlGxM8D0hZupQYFAoFAIBAIBAJTCGDllfeeH16DaOOyCSc9z4+Yiqr5zHXmku3t2rz78DggBBaxdpCCAoFAIBDoGwFMcHnv67X5Th4nI89xCadtutUaYLs4+wzqDgLLWaj87MBjMuzOZxeRBgIjiQBeUdBBBfn3DSBS36aWB9D8nCa0zSUG1Wi00zMCLzJL/cyYj4mwZ0jDMBCYbARWsO5zICFvcztS0T4t0TZjwKWWQRG2gtkuePxMWz7yWDVvlV/des111oJ+Vsxv0XrL0UAgEAiMJQLXWq84kICfPsBeLuDa1jjmH2AcbApt/juLCbgEPY7Ahpb9iSV+Rnc+XjWw3NOkfcZBHlvaA/sYoqFAYHwQmGld4SBCPsgVGJBku54Pc3trS4nrJQhyQgk3eF9h6VFL+vngAlUT74iam1q0o2lrHJrHDzoEBQKBQCBQC4GPmbYOJGvVsm5GeR0XA+NZrBn3fXlhLOCL9uWpW8Z4ADnJkvaf+deb/ClD6M7S1uaVOTEhtrjpO4QPJZoMBLqMACYZDmzgFw6pMzh/0ziYb/NWap2u4rIMYwIfZ3qmde57lrS/zOM3Y5cdYud3kLgekTzji+3QIX440XQg0EUEdrKgOYCAzxhiJzQO5nH+M0qEs1LGdtMoBdZALOtJ39hH5cNeZT3b4tPzSI2N+ac2gEO4CAQCgQlBAGc9P7bEAeTzlse7gsOiE6xhxkK+3LCCKWmX8YHjvKzLtLcFr/3x+c9a/TC2Pj2mh0mcN0ie8f7MZPg/HRQIBAKBQCUE8GTNAQR89UpW7SlhK0vjQf4d7TXXt2fgpfEOc5uwbmfwsPM+F7/2hflV6jpuSR+TMGMCv8uVIXuNpaBAIBAIBCojgBUMB5avWH7YT9F554KVOzQkxQcER+CJ9w1HlXDr93JL/Nzz+EENdgATLlI/tIEZ58VK+fP7aSBsA4FAYLIQWMi6e6klDiDrjEj3GY/yYU/OVaHRmJEfJcLn/TdLPkZfvtp05ms48N2zdu803utk+J3Mh4+XZUzsdf+Qs5kEBQKBwKQioOdAZxkIeGF9FAjvnnFgI+/nj/UOuk8bufgxOCvh7xy+x9KRlhbWipbyeM2BOJbxFVuI4cuJ9utOhJjANfa8vzqCHzkICgQCgUCgFAGcXemgsmWpxeAU9Ao8Y/zc4JpvrCXGTr6VecZW5N2WKFN+TR8tT898niM+MMGq/6L8vmLXdPbQRBw/rNnIixM+fH/ib0TWBDXUA4FJRuAk6zwHkYstj8F5VAgrUsamfFTiqxuH9qFqvm4b7xDMMMn+WcpFbX7V9OquysykFq1i2qkY6vzoACbNlA+V7VsrqlAOBAKBiUVgBeu5Dh6juNWo8THf5Q9sG4c5+1TEq57L+Ru+RT61DluMg6CnWiPa7kNSrtL+E0Qffq5zZfqeWcVZ6AQCgcBkI4Cn/i9a4sBxnuXbXgn0gjheQmeM5Djb6iL5hw72Rzl+jYakrwLsSWEBf9Dq1FdZfqUCX21ULeji0zPfD1VosOqZJnALCgQCgUCgEAE8LesguVah9vAqV3VxImZcke8a+VWMYq/51KWkf1hnoXNVQaePy3TUV15+pwI/bVZhcsKtUI0Lv//JclnbeduptCcv8xP1gUAgEAhMO9Mw4KDx0xHHg3GS/9+A4p3f2nmjpb9awruTz7LUK61rhoy/Cvft6E1TrcPDSxV/KR2cH+rKU/3i4WN9FTSQx4PA+y1pLDgP1HJRMzs4XbVj/oNFDqIuEAgEAgEgsLAlDhrgW0A4wvSAxabx9nN7sko38esv17k2tX3mX2s6GNir0FGmRDvPn5Q58HJcAlE6wArQuc/SMpbuycrert/yCxN+7zJZE/Q1c6LxrWvlxUWGB488OtwqaPtZyVMGjoeFoEAgEAgEChHYzmp14Kh68aLQaYuVqV8IaaM5nIm+15JiUzW/ZklAH8jx68+vMCH6NuHaf2ZeZxDlfyGQPgl/c1BjfU3mj7KzC/yfKbbHS5624HjACwoEAoFAoBCB862WA8cnCzVHozJ1ntb0JR5s/RGTfvincyA7JeH/f3N0Ie4nhkHaYrW6n6XFEHQFSk3y+HynW2LcKTfQ0R/Kni36tANv+v+FuQwKBAKBcUNAB41NOtK5r1ucGneT7zOe5nxrO8gXbbE9w+pT7+KZeC461kreb+oSDI28bt3y3eYIL8zvIe3OpPMSXretlP6l1kbeqszrr5zFQ3nq4hO2SbENTp3TJU8ZHu6CAoFAIBAoRMCvqqo+wRc6HUDlttYGBztwnIk1QZubE/WrebxAXmey/aLztbuVSftaRn0jX0Ret6x8mDlTHW37kqzuwqIGpc5fXvmW1eGHFOgf7/th+/d1lm4WOetTfHvTI+1mGdX5RlaBBzLIf5CVlT09q0P9jZawAlUfyK9vKSgQCAQCgUIEnmi1Onig3AXCbUWNe9MGgkbf73V+2cayffinD/BrMz/+TO/MAv/6qy/qKy+PBxv/cPMW8Y+VFm1FnJvdSPRpN5/IDs61fOyvj7xEdGmvfMlEPVxiK5N6eKdQaUMrsA4T8n1SphwxBgUCgUAgUIiAHyy7coayhPWKgx14E69JLO98wi+2NpvARGO93Xxi5aSyg6ycoo+YUPWq5uHrerE9G4KM9BxuOoUFHNuYvt0ZJntU5JatTNht8P58mXHtk+liIlU61Aq0wWfPPPmPVTnygUAgEAgUIcCBA7wr5Fewv+gzcJwx/cCSYoE8VilNkfet5a1cI3g4Oc2S6qTyd5rOcxJ6m5kM7zLSBhOi0tutgLojVZiT1xUZ/R2e6bK8RY5tmVgnZPoC53keJ0z/+X7PdKj/IslThv4HBQKBQCBQCQEOHOBdIo27n9gxyH/ZkvenW4hN4eLbYHkN18DWiXio6zm3/bz8neLjb5bHgwNpbctA/yIKSrj3jTLop5ZYN0fQ4z+c7OiLHA8nfBhYK/PtH4D8axawhV1QIBAIBAKVENBbdpUMRkSJAyU5VhW9ECY7+lCOm55tkLbB/IrS0EKWp7wOX93sZhTYWtUUYaV5nyX4X2RKmp95a6ar8UAb7zVSthIEfRD95HFcNAL57dnnm0xtPjFHK/4JBAKBQKAiAjoJ9DqRVGyqUbXXmzcd/Kb34H0T54P+XtyDrzombIcctx1JF1uGcuUXJOQ4+1Id5HUbVOv8ZPeBzHZN42WUOi/lVjHb+E+Zk5J6rErpC/zjls5zsg9aeaaTHeHKWBkGBQKBQCBQGQHcrOTgg6fsrtByFijjBsdgWId0FaN+LjMn2CJti/x2HttGeztYYtnz6Tl1iBUru3Ny6ulnNatX2twKqKtyLgj/9EO+p8lAL7REGfR6paXMkH7I6euORB10/m3pRleHlXRQIBAIBAKVEVjaNDno4Cm7K4R39hg3eZ3YZyfs4WeJOk560E3Fzfjz+OysnZOMU+fXWd6/D4czwntFj/rgn7FEQhz/tISVZ5UdAPWDPCYgENpjHc/t5lT08A/9kOMdRJC+pvGglVnv+ZVW1+YDDGIJCgQCgTFDQAdlfYm5C930g2DVmBcwRW+L8qurOuhDD9uIqbaLZJhoQH4rEDbfnVMz9z8vsWKRP2wrgr5p6SZLVc4//fYz/JNutwzKmKT7oYvMWON+e+YMExvliJl5z+vuBmTugwUCgcCkI8DBpI0bkW1iy8GX8WOrsQrx/TPakfeznVelXeisbIntgd/mylqH/HqWSDoZoA4TGDhXTNRbNpOrrw8nZKi/xRK2xMtIH5bol+1y0v1rmZOSevijb3KafDmre1h0cFmGeuRVVrX0GTwQCAQCgTkI8DIGLlV0id5kwXLwA+dljaI+5J0Fbl5k1GDdVuZLY/66K2sdBnlPuhI6wyqhv51TSq10b8501L/Plz1EeP09Mp/PNM66+V0sdYv0Q47PC5Sa2B8wOfU8xwND0LwIYMv6YEuBz7zYhGSCEdjP+o5B5D8dw2DDLG4OgGtUiF/Pl2j37wp2Talgy5XtlvHUqmZ3sb/N8v+1dKUlT1eYwPunvx8n6lQXtzJTpJdgqA89XSX2+6rES80ffYO/Dg1kpPJUHmoHWdK6zDSYIbCOw+bpgUogEAg8hsDaxjhwdOkJUQdfxL9tyQeKlc410lf2+QUldk1WvyfRPuPwPLUy82eKp2T+/CqYW5TqcxXpCM4BtS4vj3iVvB7rTrcM6g6hoA+e18bRWRu+HmW/i/Fx0eUquI+QOm+6seBB/Pq9yNR5UKIDgQARWNwy/GJ06TUJxM+4wVMrIuiQMEmqPvLXWkpNNrRpmp9jDn0MRWXfPlZzfxUfXMVza5L6/gEBbWBiUMLWpba9elaJc0iVM4/tV066lK2a2WyQ2eDsrl/6jjmgf3D0BZTqE/X2f0xlnn//aBLqfHKe2skQlD0QTQYK0ctAoAABPSfD+U6XyE8qebFjouNgqHy7PIOW5F/LiUNj0jxWWJ70LPQ0q7zB0gWWuN1J/W9bRn0hnyLVwQpRKbV9rPp/EWXKny2yXrL+s8LNVBLb8JwTOPU8V31suU4Kvc06qn1HXncEJgWH6GcgUIgAtkBvsoQvCJ7ou0SzLFj9ki+XE3zeWVy/A3ZOc7nic128GjvyWIVhMlO5n9yw6mP97y1/lKXrLa1sSWl5K1CPfCFVkDzryaVqKrus5e61RB3ygzONQ7M6/MB1v0Tf5PCH/6cse+5/ESfVvscVv1k6roRV808teZwG/f99XPGNfo0hAhhI8YXZq2N9w6CuX3Rs2XnSla7qIs+tNm/TVvlkc+xjYPnn0ujLnZ5UzfP7mZtmuqntPvom99um9LuTaw/6K7DS8aLJiO3gdYd+CBMUfYEvmDl72MmpU+f1Fux20A583Airee0f8+M86Y/bZxj9GQICa2RfHAzSXaLUgOzjP9IEHAiUP+QVB1DGxRGNQfPTXfta57fwtA75n2V+n+V8HJbJVd+pTBWpc7mzmVKQzBecDm2V97u1rr7eZ+3hs34gp10T16YPmgXbOK629WgaPE/6xL7h8/S7CaMZfUQVCAwRAb100LUvDL/s5LoqSE2S1MPkOGjawhpk+8rPTwSCfqiOqrzB1WHyg+5tlpTms4L6QD6P9K9F+NXz+s7I48r/M+8wPd8eyoijLs0wA/UFPPDgojLkf2GpH1J//fgZtu02FoD2BXn8PwkKBAKBighcYnr44ixXUX9U1E7K4uYAoCsQnGNR7jnqBk0zrEEfB8rL5wRyhNOn2qJOjpXi7zOZ9+Xbm2F6KdJJlz68rdp9xAqsf5VUUJbiN4pelaz6mG4GqZXge6s4KtHZxOrZFh5UukY7WsCMnxzb5EGBQCBQAwGuUpoYVGo027cqBkd+8cEPFI+vdHWqh9XMoGkha1BjANYnWsIElEeqv68oqRz5Z1uiTNSm+RXC6Vrp8pikvA+eOVK+XWajkybqSKinLmR5Z1T70aCAr2F19HWZ5a+UMuUvM1lTRJ/gXaEtLVCNG/nluhJ8xBkIjBIC+nNbw5ggesUCseogcJs4Sg2a0P2w6Awy62OtMlh5G8b7Lstov3ULczqVMq56yOeRrjCXdEopHzhLoxyTMImylSnIOCYs1ilfxulpUfVS+Z1VuYH8r80H22nAXasuniuxIuZ/WyrCstVgwnkgMA4I8MufdzNwVPt4jQXG2MFBes6pdchzu2+O4oD/0VjWrtj2+01P7WCG234q28fKK4rMslP0H8upLibMPFI9r3O5CbR+Pynj9Q/SNyxDPco8Vx3q3mRKmPSVNrAC61P8N6rcUB4PAGwLq/dRJP2sEeudlp42ioFGTIFAlxB4rQWLLxR+GaRLdLQFy0ELHFf09ZdwtA55P9CaaGD0A2uJ8cyq0SptwI/I7FSGPIgyPRvdQuSofwkUc0gnHTxIpIhteP7ETFmxny/lQGS6glV/u4mOylN5UW00y7aw4h0l2syC+ZolxneD5ZcepQAjlkCgqwjoE3CX+vAKC5YDAvi2llZyMtbjev8wCRMYY9mrRiB+soCpvxSELe3nW6J/6ID8+R3qi4j2WK3lEXWUHy/KlJ8msrLsTFOgnfKX5sips06Z4z7q2Qb4sAmfL7byNaarrKwPPMOOMdoPBDqPAL9gT+9QT/BkzLjBP2EJE4zKmN/c5MOkja1xxnJ4zUB+Kbbwoee4KB+b+aN/PR+ijDxTTTKdXJMKmdBPzPCNCRe0u6Uqbc1RTvyD7V3a5/FHMp1LE/ZNivQmbJN+6/jy53/A5AxLi9RxErqBQCBQjsBHTQVfsHeXq46MBp6E/UDpz69Qf4elYZ+bYNuKsWJwrUu0Bd/TkpaRB1GOs0DSKy2jui9kRYLrynH/RL0XqV/k8SI6tpwpX88b1CgjlnPEF3163vYW97Mlhhrh962Kfr1N2ma/6+wi9B1EOAgEJgkBnVC60u+iSzAcNMD/YKntwbIMM129fbtMOVG/msm0T3u48qKZDXX4k2NYMVBGnqkm2T9FP6nghFiV0C858GbeqdcuLiy+6DPF+eJ+7QYqGrDNQeyULGEx3ZPo94oVYw21QCAQ6BEBftHxjlcXSFcdjD3FR+Fn4TBI32wJ8f2uR3BTfaOME+uZWRu4OUuiDjkvsrBeuZ4P43y1jHT1SP/KsXXaD6Um8e3N4UOWtB3mj+mnsRJbtrFPiV4/1Vg9sx3y75oMl76CAoFAoGUETjD/+OJ9q+V2mnTPgaKI79Rkgz36wsTzqCXEeZOloonIqpPkJxw/EcAItzKJBfRBF1iiDPx4CAtIdQvUpqoutZzaaB5bev1QahLErsU2ltjORZKnDLwNutacwvePWnC+X+Zb+9Avfi2EGS4DgfFFAAMzv4Bd6eXDEjNj9/w5I9AZTEj/kFh7XSH9S3z4fq6b9ZPyE7PyRgmbrCrJdOuV26pJxUyoEy/OBf9siTGA/ynT64XhfT31hTxkiItybB+CsNqmTDkfBuYoNfDP7tJOA+7muPiQ+GTsL2nKefgJBAKB6gjcb6r4EuKL3gWqcnmi1wmn6f7r5ICJo1fiIJni8LmCJdahrOeRlK+MigKi3tUFOlqlkzPkmHjog7yXLb35E37QP9CVluB7bxQcYXuY7ZI3eTmKP1rwd9du3SK29C+zxBjJn1fXUegHAoFAMwjooNOMx3a9bGPuOXCk+APtNl/L+40Sa5UVVp7zC8WP7zNXPZRvnDlhWXmef8i3tERdDNRlhNUY9Y/PlPEyN2XKy3xpfd7lJ+gwxqL3Gv0FIsTR5AqL/erloQbfNX0woi/cSA0KBAKBISLA1eDmQ4yhatM7miIHjxTHOcuo0GUWCGPErcd+iH48/0Tm9BDjrIPozVKmvGwipt7b4aACUR8chJuUKtN81S3q1IoSfnAbVidITMJFtJxVavvI/80SjgD6Jfpdo4ajPGx4y7eGq1ANBAKBNhDgF7sN30363NWcMdYUx9P2qNDFFghj7Hdrju910p9y9BerN8ow4a4mZcq/Y7Ii2tkqqVukx7qVRP+ATEh73KjcQuohr7pKpw/lv8384xIX5O/NymUs79xwqzLDknrGdnSJHqrXskR98qtMhkk9KBAIBEYEAa4c3jQi8eSFcb1VcCDx/NI8oyHJPyKx9rvlpZOc7/cGWf+4HXmJlbFdR72zJY+VVhHRJnXulrKjPjiIW5YsQ6Y6yB8EYQF5fZbRp1UssVzgIll1gtjSB36FqFfihIyzyjzSSzVs8/g85ZAHAoHAcBHgl3S4URS3jpuCjNPzfldbxS3Xr8U7bIwRq4F+6XRzQH+flzxkoMUtsR7lS7Pyq0WOh50iwvmZ+ijSRR3e4aM+JxSWdQs0tR2Y5/t34pO+wM/JDCjrdTXHSy70A44VYy/0ejOiH7WHv5Okjjq9xqy+Ix8IBAItIYAzI35ZW2qiEbcfkDgZ7y2NeG7Wycslzm0bcI3zLPbXc545Ur6L6fKc8HzLHya2li0k+tiuUOvxSuqDg7irkFohfdzqVf+Xcyzm/ucUp0N/9H+a1M9tWb+ELWLG82B98zkWq4sPCJax9EORwf/tmdxYUCAQCIwyAmdYcPjScottVGN9QxYnBzCuQkYp3o0lxtc0FNgnxOcRkr8x87+uyPBqAfGZT/L/m+nmMT13zdNR+VFWYDvY9n2KlPNWWNQnxyqWhAmccnCd/A+08tJS38TqHzFqe1UnfzObIsUX29Hq7z1WjvO/KagiEwiMPgL8Ao96pHgPDdtR2CbENumoEbYDieUnGwpufvH5e8mjHZwbgtjmDMkvb3ndurRiIdHHpoVaj1dSHxx0riXkiyb/Z2Q6aoszy5WdHP26V2SWnerj2Sg0RKuaH42lrltMyGqPleXWdZ2EfiAQCAwfAQxE/DIPP5ruRrCA4HhPg934ovjVVRsnnJdn9bcY/2+WP9w46OeW8NlugUIB1Zkw4eZkS/w/g211Xa2hvohOtUragqsvlPH/USeYNax8rCXaWLZR+q15o+8vVfSMh7AbxQ72ZReAKroOtUAgEBgGAntao/gi7zaMxsekTaxgOJiCN0VPNUf0e5bktQ3W8/z0j1nj2OZmXSbKZdTbPFdj7grq/ysT32AcsufNrZZbwisU9KEc/QWpDJMOyy+YU9v8P/QPXkTYCr3Ckuozjwk+KBAIBDqKwD8tbnyZ8SQe1BsCHAzBMSk2RfqqCM6w2M7aWQMnZDKe8aKe53PU3TLTzWO83p+6vJKyeZcJ6RvneJxwv5JSzpHh/9qJlugHfIYl0AstUa6rbMjaIraX1wbOP6+ypHoXWBn9oAzfo6BAIBDoKAL8Inc0/KGHjQmAGC7SYDS4DUq/uj0KGQgXMVhPvuKcmrlf3s5ESaYDedXVFtv6rnnEpM/y0skW0kI994S9Ttb0d4nJ32iJZUxGbRHbAFfCCvA2S1r/qJW5crXsXBMkykGBQCDQMQSWtHjxJT+rY3GPSrjbZPgBw6oTSdXYdfDVVRIn23OkbejiRi2JtjtRkMM/anLq5qjMJcY5mOpzRXrhXFrFBUxo9AH+alHX1aZuC+OGapuk8aAdnHuqjPlnJoL4P9FNVIcoEAgERh2BYyxAfMlnjnqgIxifDtQfaji+Z5g/Dr464SEP0nMz6D00R/rYP+sZo62I58nqYL/yPLVpAf2ebdVqjy3MKoStVPoA/7IY6eoS59WqJ2qtZNkWtjuZV75aQasbik2BWlQFAoHAqCLwiAWGL3xQfQR0oKxvXWyhvrFtyDImEtBFligDV6IcZ39FdK9VUrdIj3WznP6DWRmruCrkJ8G/OqNrrcx4TpL8Yk6vjSLb9XydCo0tIbFWUA+VQCAQGDUE+MUftbhGPZ7rLcC2sFtbfGPr8uasvIdxELez2T5eNSBVXZ2sYAa0X4rGJZz6eD9yA7EvMZuqpj05J3Uo6JnhmlamzmlT1u1kni9tsU3wdWs0p+esNcxCNRAIBEYBAZx34EuPd7SCqiOwualy0Kw6iVT3/rhvtLGWtEUf3xPZjhRmnHHt6+S+SD28oF+FljUl2ujAv0sVY7GlD2yrKvH9R9aTq06T+U3MGdtQvkaPjdBHj+ZhFggEAsNCgOeDzxpWAB1sVy96vKqF+A8znxxUj5T8Xllb2Kpj/RcyGRl+0YR1lKX43qKHlVgVutuU4BttnpnlUa5Ct5oSdJmwlaj0dCuwDv6Zb2NLdGPxz3bIsVXcK9FHr/ZhFwgEAkNC4Dxr9+Ehtd3VZjngPdRSB+gfHBMBy2hOV2KQe6LuAb5Cynoh5esiL8rqaxrLmCLbqXLB6kLRh13qoYv+9Nyz6rljUdxah5Ue21Gu/cGWdK9En73ah10gEAgMCQF8ef88pLa72OxbLGgOeJhQmqb7zSH9b2T5n2XlT2QN8WITdDzhB7Vp6+u0fI3oYWKtQqeYEnzjvUG2kYrB+3qr03+uV7CybrnW8Z1wlRRh4lW/zHO12dSrD/SbDCKEgUAgMJoI4GwLX14MckHlCOiAjVVE08TzWg6o81kDzGM7VldLWKF5ou7+vkLK2JKk3ptFXpalzZFi/6QSI91+hf3OOfr0/WvxXXW7NsflHPGi9u+j4pPtLO6MKL/OyesU9ddv6tiFbiAQCAwZgaOsfQwCqw85ji40r9uJRRNNP33hgAyOieDLlpDHZZajszzK21nydKgJaO/rtEwd8KrEc8dbzID27ywx3kR0YfPuHP0ZTg+6+1rqh/CQ8G1LjJU89fCysOgh3ythS5Xt9Ooj7AKBQGAICPzN2sSXN6gcgW+YCrDCpNQGfdqcciDFi/k68b5c6vI+L9ruZbp5tIdVUG/TPKWE/Eqxo31CbUr0bKf/p6maeTP0p3xerWoSYKbbnPSJ10TyiDrg/dBJZkxf/fgJ20AgEBgwAvHFrQY4Jo02scJWHf2Dg95rSWXMY2vTk57D+TqWdWJlG6wr4vh5NujjAYAxzCww0F/aoX6e+srik7pPylMukOOs77OW/mWJfsDxfmAR7W6V1J9RpFihjn7AgwKBQKAjCOD8BF/ayzsS77DC1HM6nBG2QTqILpQ1oDLmP5PTOOt3zamHmDrgVbcAte+0L7ph/ETXDmyKJrZ/OP3NrFyHXmnKjEv5LhWcbCi22Ebtl9j+5/p1FPaBQCAwOAR4prTD4JrsZEscrDHotkFfMqccRA/OGjhGZKwDx6rO04kmoI6vY3lF0bmSwgpcb5eWtQF3/7REPfAZlvJIY4LubXmKTo6HkUcsaTvMFz0IqJttxf4WregjzxiW78NHmAYCgcCAEeAXt+iJfcAhjVxzh1lEwOn6liKbmfnnZ8FmWFb+YlY6Tp2iBxrqgFclXKBSO+RnFRhf4vTfV6CLKr0BC9+pSV5dvN4KPh6W11fFkvzrxA9+uq4pYixN+Qs/gUAgMAAE4otbDLJe+GjjYSHvzO5wC4ufza8kn4pWX2VI1UPGSz7wie3AqsQYlOfZ6o1W6ufpQu7f68ONyxTh5iz9pfhKKaMC2Vnib8cCvbpV+luldW1DPxAIBIaEwHzWLgeWIYUw0s1i4iM+y7QUqb4z94ysDVz7Z7u6wkpdkIEJdfMG9aVFB7pV6bWmSN/keSu2nRO6OCssot9bJf1ekFBcU+qppxwTaR3C+7I/skQfxLuOjyLdizPf9xcpRV0gEAiMFgKvsnAwKBw7WmGNTDSnZvhgkG+DtjSnHJT3zRpIXTSBDlZ0KdJzrlQ9ZGwD/Al5Sk4OPbVDPm/Fhi1Jr7uP8+eL/q9m6AT7moQ/9b+4d1ahfJz4/Inl8eJ708QY87avm24v/AUCgUADCPCLu2gDvsbNBbe5zm2pY/iFGOKPVSEIk88fLVGOAZt5yyaJ9Xsnax/7tSDq1BmgrzZ/tAO/Nsf/Ck6PNjnqU+K/iN3MTPoDkdGP8kWmrKtnsOpTH3hVoi1iO2Ur4bbaD7+BQCDQAwL84vZgOtYmujWJ7eM2iNiDgzAJYntQ5cxvDIUEPcdk1ElUT8MDDuvBq9KCpqh2ebb6lyJUH/gVkdqdaYpqm8ojnl7o3WZEf3jAwFljW4RJmm211Ub4DQQCgRYQiC9uGtRvmRjYYNuxDTrAnBJ7vASO1eGjImMduVUlifWzk7WPtwE9nHdWJfolT52PPtWcsV758RUaUf2ifNmEmteUfwAoukmb56Ou/EAzQF9+Vtcw9AOBQGB4CKxiTeOLGwf7c38G62W43D63uLHS0zL/wH47S7r6+r7UcYLIO9PDSpU6lp2HjjIJ6+tMBH4SOXEez9Om6YqZbZAn1KdEOAfkQwb1Pb95Sru3zP5mpj57nUzrtn5b1u4WdQ1DPxAIBIaHwOesaQwY+w0vhJFrGWc7HER73Y4r6hT835G18XnjemHkU5mc7YPvaSmPzrAK6HwtobBQVkdfCZVcEW3IvSImZtZ5nneJBWeAXteX8QpIP4RJVn0e3o+zHmzZNj7joEAgEOgIAvziYosr6DEELjcGXLDN1Qbdak7hHxdF9P3Ek62s5338bEycS9RJnWGyDhwTV1XSVSZsU2dq6lvzX0w0crDJVCeVXz5hV1fkJ1qsugdJ2HZm3wbZbrQVCAQCfSIQX9y5AVzXim1i8gnxv4Hk35KFwbbJi1YWszL7hzJbZXtldfCztVZUyD8otrsm9Blbiqv69uInpftbq68zQatvn/+stNXvtqr3XbW8eRbDuVUNQi8QCARGAwEOUKMRzXCj0G01XF5pmnRy2sOcE/u3Zg3pqxSoK5vAaO9fKF9AfN+T+a7KMDHR758SRjdI/cclDxusbkHbWKKPIj5Huc9/cIFH25jVp79+zL+QxbJ+P07CNhAIBAaPAAeRwbc8ei3+2EICHu9tIbS1Mt/w/y7J4+fISF+3DD+PsstLeluT9uT3iR9s19Wh35kyY3iyMzxV6taRPPSxCnqRk9EP+BGuronLJD9yPptaXZrbnugas0Jf8UAVFAgEAh1CgINVh0JuJdRVzGtbWOgNzO9JO0e6nrB98DI63RSgt4tT3DaTo67uZLOm2O7s/GKLlPFtKnnK8vgpposJ6jfOxoo9k59UscU8bFrYAgAG/xl2INF+IBAI1ENAt+LqWY6fNgfy5Rvumt5AZRvgb3DtnGBl1uPCTBlRV/V0S/QXWlEhr/8X4FtpDSuwvUMsP0vKlHuO1yPgE4RJVespn1NZ4x/cnlU/x9awbVv1xCy2/dtuKPwHAoFAswgsbu4wsGArbZLp89Z54NDGJQsduJl/swNbtzk/4+pSRfzCDHy931XSP3jdyeYfmU/YzhK/+moHXtHg/xltS/Pwg/6QFrOM1vNSEOvLOLYZ/a3Td5ts1LYf2Ue/nVzWv6gPBAKBISOAyw34Al835DiG2fyiGQbAoenB9QrxzYESKz9PrAOvQuebEnR1wjkzk0G+naU6hDNR2DGp7VUiZ30e13jow+tSXsbnM4W3W1J7bCU3/RmVxVGlflmJs4p+6AQCgcAIIYBtQAw0Xx2hmAYdCgda3OJskl5jzuib/H2JBnQSOiNR70XYNoW/H0rFRpmM7UhVaXZDZ4uzQNB0S7+2RJ9FPG/16W3y9NAeaX7LnGRJbbdn5YhyfH8Q7w4jGl+EFQgEAgUIcCL8XIHOOFfpBNJkP59rznQgR/4jiQZWdHpYBZXRo6YAf1iFgBa0pG1hIqlKvOCh9rDVn2XTOp8vagfbzKr/iiLlrO5QsfmK5Wdk8lFn7OeoxxnxBQKBQAIBri7OStRNgogDGLaIm6JFzBH9kn8y4fwJCb2E2lyilTObX4qUbYAfKPIqWbVF/mWWvCyvXPSzb69N+CmK5wVOf3qR8ojV8abtwyMWV4QTCAQCFRFY2vQw0J1dUX+c1Pa1znCQb6pfqcnt9Bzn+OsEbB98vRw9FVMfnxvoWkuUgdchtWN+M3PAvPK/mHy6q8trax2nBz95hJ9Ae8gS29oxT3GE5bdn8W8xwjFGaIFAIFCAAG/0nVOgM65VHHyxtdgU0Sd56kwQbb3UEnXIy2LgyuORTPFFzkfqokqeT9y6ZLvkLzaZnwjxc3Ckn1uGurtR6HjqRikuI3nCKyXnWaI/PCzgIaKLxD50MfaIORAIBAwBni9dMGFo7Gf9xQB2X4P95oBIfmyO7yWztqF3XJY/OUdXxfT7LBMunNlR9jZVLMlj5Uk75TTDZLgDCxn3272uek4x9b7kEQnFQ0ym7WLy7CrpRaOu9iHiDgQmHgEOXt+YMCQ4ENe5WFIE0V1WSZ/ge+coY9XzYKb7KePfz/ILGS+iNayS/qHHPHmRrdb5CZT2s1Qpkf+Nyai7T6IeItaT/9fp+S1TvAvZdWJft+56RyL+QGDSEcCXWa/ijzse21gH0WecezVB3zInHBDBNy9w+s1MFxPLCln+dwX6rKL/lTIblsExuVWh/zEltdN8kT1eeSjT1XrmuVWr72mirs7qtSiuUahjX0chloghEAgE+kAAX+br+rDvmikHLw7U/cR/lhnTHzheh8ijV1oFdXV7dNU8g0yOG620e5fkIXtnplOF0Qf5WzNfXykxvjvTg91BCV3/IAC9V1rC6vdGS2zvHstXeT3E1DpBW1qU7FsnAo4gA4FAIB8BfJlvz68eqxquwtDnfukMc8CBEHyJAofTRXcvy8+UcoHZnCq24c/WIK9K9EF+oRkyv0qJE+qBe8LrGlqP/McsYYJWOc41x43YP3+eOm79jP4EAhOBAL7Qf5iInj4+OPc7MJ9reHEgBH9yAX48h4UeVlcg2q79WDH33/lFlzbk8FuFvm1KtCHXbdIiH3hfkTaznSJiZx35T5xsG2czTkX2eZz6FH0JBCYWgUn5QmMrtIm+fkf84NYpJpUiYpvgmLymW6KsyA51/tdZaIeLJ1XoGFOiDTnifZXIi/zQBlwJNz21zudPUOUxzL9Y+j+G3YsuBQKThwAG2ysmoNtcxa3fR191hfSFCn7OMx1OElz9sVzl5XHqKj+zQrtQ0cGa9ty+ZXmXAl+6koU+Catf2nt+mdWVPRjQT5c5+z3qv4HaZYwj9kBgoAjgS/37gbY4+MYwOHPw6qV1TAp/Fx/4Lc4ywkTHNr+UKWMioqzMPu/nzsrsUL+uJbZDzgcAneCKfG0rPmaIIv0pBzbjdBFGupvMsu/JyhAGAoFA9xDAlxornXGm/axz6Ce2BOsSzunwO5Ic/GZVcKATHuxI9DGbggJOXeUF6lNVMyynNsjvP1U7bdpZUi/iebIfS+h9VGRs45x5LMdb8HrBYLx7Gr0LBCYIAQxoOPcaZ+KgXXfbzl9WmV4RJLYHvlhmo1uKZW5mmYL6QL7oQg79LZWwO4WVGaff3ZzcF28yAXVR9wspUz6JPzTNvlc9pwV2QYFAIDDCCHDLEK8CjCvxV1k+UrODfhJ8WkV7DpTgB4gNJ5a7RJbKLmNC9YE8LqeU0cKm4O3Od0baJ1c1T9H7SpUXnMdqvAULWfeIw3j3NHoXCEwQAgtYX/HFPnWM+/yZrI91XqB/SmbDQe/pFfH5rLNTM/oC5nnEz4O64KvlKYsc53Nqg/zVUs/s50WPsjzu/flylbjyfHdVfrcFDhyu6moHIu5AIBCYF4GlTYQv9lvmrRoLCVdAN9Tojb5mAWyeWdF2C9PTyULNjpE6lWv+SaJDP7j5WUZ+0obtbTlG9Jv3VzFghh/YTr17SFvw2ZYmkYgBMA8KBAKBMUFgZesHvtxHj0l/fDdOyvq3oa/IKXPi5IAHfKoQzgFpA76sM2Ld852cRW5RUw/8g6ws4HruSNv7C/Spk1odYyJ+gyXq5PFvFvgf56ojBJtx7mf0LRCYOASeZz3GgHfUmPacg3mV7mElRH1wvIJQhfCbmmr3RmcEP6x3VVNFrMipQz5VmZPR1yBoA55H+hK819nKBPRxsuQpA8dva04yEYuZkwxC9D0QGEcENrBO4Qt+3Bh2blbWtw9X6BvOADnQgW9WwYYqaoe8J9a/w1dk5Zcapw45JqMy+pgpUJ+8yOa1ok+9Z1jmTyLXH/imT/C6t23pf1z4NoLRuPQp+hEIBAIZArxRiUsU40YcyFPbgNrX5axAXfAdtLIkf6+z9eqLSr2vQ1lXixpD2asS54pf2pVNVrdnNg8axzYoLxHBHrdbU2eNqAt6/P/HcwOMQCAQGD8ElrQuYbD7x5h1Tc/sirqGMztOJOC7FCm7Op4/0j51geLOzD/ewfOE1zFoqxwrtCL6qFWq/tlWxjZpGdHmAlNk/peWx4MCLgRRptzEE094MCImEw9GABAIjCMCWEWM45f8jqxfmxZ8aH5LEj+JVpX0TA34zUgY6kUWnD8qaR3xv8EUkF9FFV0e27zUB7/H1RcV1Q55XiA61vK+DuWyFWZRW+NUR2xmjFOnoi+BQCAwNwL8os8t7XaprE8nWveoA751je5Od7Y75djqyk1V9OGDMaye+bxIFV3+9EyHNv+1cpXJSrdnYfvBzG8qDvrOVCaeHWEIBCYT/98gAJgEBPhFx4A5DsS/vH5xTmf8O3LPy9FLiRc0IfECf09KKZNRz7+CQTn59qZ/uCWUd85sPbswq6cNeBnhHPBXltTmPitjAnyBk6uOVQUZAvqggM89KBAIBMYYAfz0GAbCsrOprkDAQR3vBHrCRRHWg8/wCgVlTCxqe3WB7iGiq2pqjzwnUsrxKoYn1ilP6dEOA/g3LKk+8wea/IGculebPOhxBL5nWeB28uOiyAUCgcC4IoBBlQNl1/s4vaAv7CP5YjU7SzvyIvNbsji2FSXakf8lq+PNXciVEB91lauO5jEBXuBsDrLyqk6mvphPPTSY2cTSMtZzYjOxIETHA4FJQ4BfeqwYukzsx8tcJygnT93wdCZzFR+yEm3Bi2h5q4TOd0VJbZlnNcunZoLURRrq0EY5HmQus0Qd8E9bIqnc57FyDZoXAeKEh4igQCAQmBAEVrR+8svf5S77PuC1AsrIsXKqQ+eZMm3Bi7Yl4feKTH8j42hLbZnXGCgD/2qOPuo8YTLHqlLtf2xlH99/nA71q7xyYaYTR7taj4HR9yeu59HhQCAQmBpQMYB3kXDphYM84l9AyipHXVU6xhRpCz5fiaG+j7eks6Uf74LyPI5fe1Fa2gpe9yqT+QmQNns7/U1YEXweBHQ1Hg8K88ATgkBg/BHAjUUOsF3sLWPfzYL3k9BveugQ/vIDfYJX+ZuA1P+Ms6U8FcbsHN1lnbJO9PR3juno6tKZzCliQN/d0v6WYnCfA0nuP5daDbCdlasRFYFAIDD2CHCAfVYHe8rYZ1rszIOf3UNf8MqD+nhOBR9PdTZqz/O/lBvdlobNck7p5Qm/RzidKPaPAH/u7kf9uwoPgUAg0GUEcFUcg/EfOtaJhbK4dfJB/k099MP/FYp1KvrAr9j49lFeqYL9CqaDpPQuK3h/G6tC5BtDACtlYo2z16BAIBCYYAT0XTnku0InWqAcyMixHViXtP/wgzPCqrSjKbJtcpw51SGcQZ5vifbk+CsRQe0hgBU7sMaqMCgQCAQCgWl3GQYYFN7SISw4YZBv1WPstCev42YtU6bdHZYvO7tT3wtb4Rqxhx+8fhHv9xkILdN08w+8e9lCbzm0cB8IBALDQmA1axgDw72WRn1ViMnm5ixexIy0nqVeiPbk2G6tS5gMkaoSboD+zhLbBMfqts4kaupBPSKgW6LIBwUCgUAgMIXAfZbDoHzrlGT0MrhVqRMI8pjEe6HbzEh9bdeLkxo2S5nu3a7NPWrYh2ozCODSET73Kue4zbQYXgKBQKAzCCxqkXJi+PQIRs0zHcYIjt+G7IV+bkbq54ZenFS0we1TPwF29b3Nil0eWTXe1u3SEcDIghmBBQLjigCekjlB4B20USBcPmFMnm/WQ4D3J/z14KbUBJcwviJtPWL5tUutQqEtBPRS1BPaaiT8BgKBwHggcKh1gxPOGkPuErYrGQv5D0yGVz1QrnueSR/KmzwnwjnfAVlsbONGK2MlEjRcBHAxBp9JF9+XHS5y0XogMKEI6GUU3G4cBv3FGuVkQn6kybDViPI9lqoSJij6UF7ll2OqtAE/F7k2LrUyLsYEDR8B3u6dPfxQIoJAIBDoEgI6YQxyKwkvN2vbzPPF8m9n9a+oCKaefdIXeBMrg00SsWLlgd88DRoNBPB/l5/7aEQUUQQCgUBnEFjQIuUAAj6I6/2ruzbZ/jMz1HRlhwmzjFK/1QmfuMHZK2GSO98SYyM/ymSDwKjXuCfV7qvZZzVzUgGIfgcCgUB/CKxi5hzowXFxpS16jznWtpjHhEza0zKUU5bHDxdd2oDjl1x6oQPNSP0wv3kvzsJmIAjwQegjA2ktGgkEAoGxRWBr6xkHffATWuip+te8v8iidUVhXOhipl2dFRt0D8nxg/PLp1kKGl0EdEu0zuc+uj2KyAKBQGCoCOCvdnMyIb/EZLpa6yVAv/1K3+ApKqvHgJd6PQKxViG88nCfJW1H8wdXcRI6I4HA5dnnuNpIRBNBBAKBwNgg8CvriU4MzL/b5PiTRHVoe1OmvfJbC5yonlfLu2Szu1fMyksYx4vV6jOV/5TptLklnIUTrEEE8L4mPstvNegzXAUCgUAgMBcCx1opNWlA9jFLy8+lPW/hThOl7PEOXhHhrId2OvGeKnLWg69gCatEvHJxvCWtK8q/1HSDuosAP1tsjwYFAoFAINAqArh4crQlDjwp/nWr38oSVlVLFeguY3VlpJdlUm2p7J/mTMt5ecS3ZlnDUd8ZBL5gkeKzfmFnIo5AA4FAYGwQwNM3LtZcYelvlvImnpS86mWGGTX9als4+3uzJawOg8YTAbwbys98PHsYvQoEAoFOIYAzuH0t/dUSB6cy/gHT3dESLq3gTyvtaumdlq63VGar9TjXw4qg38s85iKoQwjw/4Bum3co/Ag1EAgExhGBRaxTvL3HQapJ/pD5/5Kl1S090VLQ5CLAi0/HTC4E0fNAIBAYNQTwVJ6a9I6SQLFqPCFHz9tiyxVnhJhcgwIBRUBfw1F55AOBQCAQGBoCeNncT2RXm2yxoUUUDY8zAvy/NmOcOxl9CwQCge4ggN905MBEfo7JYuuyO59hlyJ9Ufb/7eddCjpiDQQCgfFFYEvrGic/cvzmZ1Ag0AYCuG3M/2dVbx63EUf4DAQCgUBgDgLn2b8clMgxMQYFAm0hwL9ZiT/gHBQIBAKBwFAR4MSnHO90BQUCbSGwljnm/7e22gi/gUAgEAhUQuBi0+KARI5fkQkKBNpEIP6vtYlu+A4EAoHKCLzLNDkgkVc2DsVAoEcE+G7qvj3ah1kgEAgEAo0ggHcAOfmBX9eI13ASCBQjgD+rxP93xZpRGwgEAoFAywjoRIi//hAUCAwCAU6C+MH3oEAgEAgEho4AJkOkoEBgEAj82hrBRIh3B4MCgUAgEAgEAoGJQmAb6y0mwV9OVK+js4FAIBAIBAKBgCGwkCVuicaL8/FfIhAYAgL/H6KHu08EjkuOAAAAAElFTkSuQmCC');

-- --------------------------------------------------------

--
-- Estructura de tabla para la tabla `usuario`
--

CREATE TABLE `usuario` (
  `cedula` int(11) NOT NULL,
  `nombre` varchar(255) NOT NULL,
  `admin` tinyint(4) NOT NULL,
  `contrasena` varchar(255) NOT NULL,
  `apellidos` varchar(255) NOT NULL,
  `telefono` varchar(255) NOT NULL,
  `email` varchar(255) NOT NULL,
  `cargo` varchar(255) NOT NULL,
  `estado` varchar(255) NOT NULL,
  `empresa` varchar(255) NOT NULL
) ENGINE=InnoDB DEFAULT CHARSET=utf8mb4 COLLATE=utf8mb4_unicode_ci;

--
-- Volcado de datos para la tabla `usuario`
--

INSERT INTO `usuario` (`cedula`, `nombre`, `admin`, `contrasena`, `apellidos`, `telefono`, `email`, `cargo`, `estado`, `empresa`) VALUES
(5268714, 'Licímaco Fernando ', 1, '$2b$10$MDVPtxpiIitAjqerH1u7x.23stL0JaRhJQ8x/SwpGOiCOuAryHx3a', 'Erazo Ruiz ', '3118980787', 'licimaco.erazo@vosin.co', 'Director de proyectos e interventoría ', 'activo', 'Vosin'),
(27104652, 'Nelly', 0, '$2b$10$k9tMX56AVSqBr/UolzkSmeuG80ebMjmU8RCC0w7iHAVU82jiqjfQS', 'Rosero Ceballos', '3152387151', 'nrosero@utapi.com.co', 'Directora interventoría ', 'activo', 'UTAPI'),
(87218564, 'Samir Alfredo ', 1, '$2b$10$WTAuFTihsgzQ54oP0ztY5eQTz9yhdzRjjPsNhqleoVdKwSg0lmmhW', 'Ortega Paredes ', '3004502973', 'samir.ortega@vosin.co', 'Coordinador interventoría ', 'activo', 'VOSIN'),
(123456789, 'Admin', 1, '$2b$10$URon4owBU9X.JoUsrqxdku9jPKJsCmPWPrFfI510vGrgWCsb3xt3K', '0', '0000000000', 'admin@gmail.com', 'Administrador', 'activo', 'ActasVosin'),
(1085897347, 'Carlos Alberto ', 1, '$2b$10$AXAA4Cp4L1VPPJqGptlNmelF8BPShyIgv6gF7jBgtsjQuNCRbO5fS', 'Hormaza Zambrano', '3248923960', 'carlos.hormaza@vosin.co', 'Ingeniero Residente interventoría ', 'activo', 'VOSIN'),
(1085949034, 'Mateo Alejandro ', 0, '$2b$10$gnKlJ9QQ3fAJUUw6CxcLruK2bYM5DLH9Q2LF.ur9haEDyBVF9.FKG', 'Hernández Yandun', '3174389533', 'mhernandez@utapi.com.co', 'Apoyo administrativo SIAP', 'activo', 'Alumbrado publico de Ipiales');

--
-- Índices para tablas volcadas
--

--
-- Indices de la tabla `acta`
--
ALTER TABLE `acta`
  ADD PRIMARY KEY (`codigo`);

--
-- Indices de la tabla `contenido_acta`
--
ALTER TABLE `contenido_acta`
  ADD PRIMARY KEY (`id`),
  ADD KEY `FK_5656f6351ac9d26fbf2635d4c38` (`acta_ID`);

--
-- Indices de la tabla `firmas_user`
--
ALTER TABLE `firmas_user`
  ADD PRIMARY KEY (`id`);

--
-- Indices de la tabla `usuario`
--
ALTER TABLE `usuario`
  ADD PRIMARY KEY (`cedula`);

--
-- AUTO_INCREMENT de las tablas volcadas
--

--
-- AUTO_INCREMENT de la tabla `contenido_acta`
--
ALTER TABLE `contenido_acta`
  MODIFY `id` int(11) NOT NULL AUTO_INCREMENT, AUTO_INCREMENT=199;

--
-- AUTO_INCREMENT de la tabla `firmas_user`
--
ALTER TABLE `firmas_user`
  MODIFY `id` int(11) NOT NULL AUTO_INCREMENT, AUTO_INCREMENT=135;

--
-- Restricciones para tablas volcadas
--

--
-- Filtros para la tabla `contenido_acta`
--
ALTER TABLE `contenido_acta`
  ADD CONSTRAINT `FK_5656f6351ac9d26fbf2635d4c38` FOREIGN KEY (`acta_ID`) REFERENCES `acta` (`codigo`) ON DELETE NO ACTION ON UPDATE NO ACTION;
COMMIT;

/*!40101 SET CHARACTER_SET_CLIENT=@OLD_CHARACTER_SET_CLIENT */;
/*!40101 SET CHARACTER_SET_RESULTS=@OLD_CHARACTER_SET_RESULTS */;
/*!40101 SET COLLATION_CONNECTION=@OLD_COLLATION_CONNECTION */;
